run_timestamp,cert,bank_name,report_date,qtrs_to_failure,roa,capital_ratio,npa_value,total_assets,risk_score,risk_level,flags_triggered,flag_count,model_version,requires_review,human_reviewed,examiner_note
2026-03-04 12:23:24,34264,FIRST ALLIANCE BANK AND TRUST CO,1997-12-31,12,-9.145,21.2357,0.0,23102.0,4,ELEVATED,"['ROA critically negative (<-1.0)', 'Net income negative']",2,v1.0-rules-based,False,False,
2026-03-04 12:23:24,34264,FIRST ALLIANCE BANK AND TRUST CO,1998-03-31,11,-3.9836,13.4711,0.0,26903.0,4,ELEVATED,"['ROA critically negative (<-1.0)', 'Net income negative']",2,v1.0-rules-based,False,False,
2026-03-04 12:23:24,34264,FIRST ALLIANCE BANK AND TRUST CO,1998-06-30,10,-4.6895,10.1461,0.0,34183.0,4,ELEVATED,"['ROA critically negative (<-1.0)', 'Net income negative']",2,v1.0-rules-based,False,False,
2026-03-04 12:23:24,34264,FIRST ALLIANCE BANK AND TRUST CO,1998-09-30,9,-3.6479,9.052,0.0,33650.0,5,HIGH,"['ROA critically negative (<-1.0)', 'Capital ratio below well-capitalised', 'Net income negative']",3,v1.0-rules-based,True,False,
2026-03-04 12:23:24,34264,FIRST ALLIANCE BANK AND TRUST CO,1998-12-31,8,-3.6306,7.6377,0.0,33241.0,6,HIGH,"['ROA critically negative (<-1.0)', 'Capital ratio low (<8%)', 'Net income negative']",3,v1.0-rules-based,True,False,
2026-03-04 12:23:24,34264,FIRST ALLIANCE BANK AND TRUST CO,1999-03-31,7,-0.5853,8.5425,0.0,33736.0,4,ELEVATED,"['ROA negative', 'Capital ratio below well-capitalised', 'Net income negative']",3,v1.0-rules-based,False,False,
2026-03-04 12:23:24,34264,FIRST ALLIANCE BANK AND TRUST CO,1999-06-30,6,-1.372,12.0195,1.0,27921.0,4,ELEVATED,"['ROA critically negative (<-1.0)', 'Net income negative']",2,v1.0-rules-based,False,False,
2026-03-04 12:23:24,34264,FIRST ALLIANCE BANK AND TRUST CO,1999-09-30,5,-1.6803,11.4875,1.0,27936.0,4,ELEVATED,"['ROA critically negative (<-1.0)', 'Net income negative']",2,v1.0-rules-based,False,False,
2026-03-04 12:23:24,34264,FIRST ALLIANCE BANK AND TRUST CO,1999-12-31,4,-3.3666,8.9496,1.0,26722.0,5,HIGH,"['ROA critically negative (<-1.0)', 'Capital ratio below well-capitalised', 'Net income negative']",3,v1.0-rules-based,True,False,
2026-03-04 12:23:24,34264,FIRST ALLIANCE BANK AND TRUST CO,2000-03-31,3,-6.2762,7.6576,0.0,25284.0,6,HIGH,"['ROA critically negative (<-1.0)', 'Capital ratio low (<8%)', 'Net income negative']",3,v1.0-rules-based,True,False,
2026-03-04 12:23:24,34264,FIRST ALLIANCE BANK AND TRUST CO,2000-06-30,2,-6.0261,6.3275,1.0,22371.0,6,HIGH,"['ROA critically negative (<-1.0)', 'Capital ratio low (<8%)', 'Net income negative']",3,v1.0-rules-based,True,False,
2026-03-04 12:23:24,34264,FIRST ALLIANCE BANK AND TRUST CO,2000-09-30,1,-5.088,6.045,0.0,18492.0,6,HIGH,"['ROA critically negative (<-1.0)', 'Capital ratio low (<8%)', 'Net income negative']",3,v1.0-rules-based,True,False,
2026-03-04 12:23:24,34264,FIRST ALLIANCE BANK AND TRUST CO,2000-12-31,0,-5.0903,4.3211,0.0,17438.0,7,CRITICAL,"['ROA critically negative (<-1.0)', 'Capital ratio critical (<6%)', 'Net income negative']",3,v1.0-rules-based,True,False,
2026-03-04 12:23:24,32646,"SUPERIOR BANK, FSB",1998-06-30,12,9.1378,11.1189,1.0,1392249.0,0,WATCH,[],0,v1.0-rules-based,False,False,
2026-03-04 12:23:24,32646,"SUPERIOR BANK, FSB",1998-09-30,11,8.8446,10.6691,1.0,1557804.0,0,WATCH,[],0,v1.0-rules-based,False,False,
2026-03-04 12:23:24,32646,"SUPERIOR BANK, FSB",1998-12-31,10,7.4285,10.0209,1.0,1801705.0,0,WATCH,[],0,v1.0-rules-based,False,False,
2026-03-04 12:23:24,32646,"SUPERIOR BANK, FSB",1999-03-31,9,4.4192,10.1052,3.0,1851436.0,0,WATCH,[],0,v1.0-rules-based,False,False,
2026-03-04 12:23:24,32646,"SUPERIOR BANK, FSB",1999-06-30,8,6.7036,11.1248,3.0,1813236.0,0,WATCH,[],0,v1.0-rules-based,False,False,
2026-03-04 12:23:24,32646,"SUPERIOR BANK, FSB",1999-09-30,7,5.5945,10.4624,3.0,1973746.0,0,WATCH,[],0,v1.0-rules-based,False,False,
2026-03-04 12:23:24,32646,"SUPERIOR BANK, FSB",1999-12-31,6,5.462,10.7881,3.0,2161443.0,0,WATCH,[],0,v1.0-rules-based,False,False,
2026-03-04 12:23:24,32646,"SUPERIOR BANK, FSB",2000-03-31,5,-1.6109,9.1128,2.0,2275232.0,5,HIGH,"['ROA critically negative (<-1.0)', 'Capital ratio below well-capitalised', 'Net income negative']",3,v1.0-rules-based,True,False,
2026-03-04 12:23:24,32646,"SUPERIOR BANK, FSB",2000-06-30,4,-0.0363,10.0528,2.0,2272037.0,3,ELEVATED,"['ROA negative', 'Net income negative']",2,v1.0-rules-based,False,False,
2026-03-04 12:23:24,32646,"SUPERIOR BANK, FSB",2000-09-30,3,-0.4367,8.8348,2.0,2120025.0,4,ELEVATED,"['ROA negative', 'Capital ratio below well-capitalised', 'Net income negative']",3,v1.0-rules-based,False,False,
2026-03-04 12:23:24,32646,"SUPERIOR BANK, FSB",2000-12-31,2,-0.2586,1.6732,2.0,2071906.0,6,HIGH,"['ROA negative', 'Capital ratio critical (<6%)', 'Net income negative']",3,v1.0-rules-based,True,False,
2026-03-04 12:23:24,32646,"SUPERIOR BANK, FSB",2001-03-31,1,-13.9503,1.47,2.0,1941439.0,7,CRITICAL,"['ROA critically negative (<-1.0)', 'Capital ratio critical (<6%)', 'Net income negative']",3,v1.0-rules-based,True,False,
2026-03-04 12:23:24,34248,SINCLAIR NATIONAL BANK,1998-09-30,12,-1.2555,20.8061,3.0,18820.0,4,ELEVATED,"['ROA critically negative (<-1.0)', 'Net income negative']",2,v1.0-rules-based,False,False,
2026-03-04 12:23:24,34248,SINCLAIR NATIONAL BANK,1998-12-31,11,-1.7878,18.6513,2.0,21636.0,4,ELEVATED,"['ROA critically negative (<-1.0)', 'Net income negative']",2,v1.0-rules-based,False,False,
2026-03-04 12:23:24,34248,SINCLAIR NATIONAL BANK,1999-03-31,10,-2.2709,16.6094,3.0,20638.0,4,ELEVATED,"['ROA critically negative (<-1.0)', 'Net income negative']",2,v1.0-rules-based,False,False,
2026-03-04 12:23:24,34248,SINCLAIR NATIONAL BANK,1999-06-30,9,-1.7344,15.808,2.0,19994.0,4,ELEVATED,"['ROA critically negative (<-1.0)', 'Net income negative']",2,v1.0-rules-based,False,False,
2026-03-04 12:23:24,34248,SINCLAIR NATIONAL BANK,1999-09-30,8,-1.4132,14.822,2.0,20380.0,4,ELEVATED,"['ROA critically negative (<-1.0)', 'Net income negative']",2,v1.0-rules-based,False,False,
2026-03-04 12:23:24,34248,SINCLAIR NATIONAL BANK,1999-12-31,7,-1.3514,13.823,3.0,22795.0,4,ELEVATED,"['ROA critically negative (<-1.0)', 'Net income negative']",2,v1.0-rules-based,False,False,
2026-03-04 12:23:24,34248,SINCLAIR NATIONAL BANK,2000-03-31,6,-0.7545,21.777,2.0,27039.0,3,ELEVATED,"['ROA negative', 'Net income negative']",2,v1.0-rules-based,False,False,
2026-03-04 12:23:24,34248,SINCLAIR NATIONAL BANK,2000-06-30,5,-1.7649,20.5349,3.0,28356.0,4,ELEVATED,"['ROA critically negative (<-1.0)', 'Net income negative']",2,v1.0-rules-based,False,False,
2026-03-04 12:23:24,34248,SINCLAIR NATIONAL BANK,2000-09-30,4,-3.8859,18.6138,3.0,27489.0,4,ELEVATED,"['ROA critically negative (<-1.0)', 'Net income negative']",2,v1.0-rules-based,False,False,
2026-03-04 12:23:24,34248,SINCLAIR NATIONAL BANK,2000-12-31,3,-5.6781,14.0769,4.0,25439.0,4,ELEVATED,"['ROA critically negative (<-1.0)', 'Net income negative']",2,v1.0-rules-based,False,False,
2026-03-04 12:23:24,34248,SINCLAIR NATIONAL BANK,2001-03-31,2,-5.9943,9.4502,5.0,30347.0,5,HIGH,"['ROA critically negative (<-1.0)', 'Capital ratio below well-capitalised', 'Net income negative']",3,v1.0-rules-based,True,False,
2026-03-04 12:23:24,34248,SINCLAIR NATIONAL BANK,2001-06-30,1,-4.9709,10.4522,7.0,29792.0,4,ELEVATED,"['ROA critically negative (<-1.0)', 'Net income negative']",2,v1.0-rules-based,False,False,
2026-03-04 12:23:24,34979,NEW CENTURY BANK,1999-09-30,10,-2.68,16.7357,12.0,44426.0,4,ELEVATED,"['ROA critically negative (<-1.0)', 'Net income negative']",2,v1.0-rules-based,False,False,
2026-03-04 12:23:24,34979,NEW CENTURY BANK,1999-12-31,9,-7.748,3.4851,8.0,54516.0,7,CRITICAL,"['ROA critically negative (<-1.0)', 'Capital ratio critical (<6%)', 'Net income negative']",3,v1.0-rules-based,True,False,
2026-03-04 12:23:24,34979,NEW CENTURY BANK,2000-03-31,8,-9.6742,5.9979,7.0,56542.0,7,CRITICAL,"['ROA critically negative (<-1.0)', 'Capital ratio critical (<6%)', 'Net income negative']",3,v1.0-rules-based,True,False,
2026-03-04 12:23:24,34979,NEW CENTURY BANK,2000-06-30,7,-7.6821,5.0161,4.0,52882.0,7,CRITICAL,"['ROA critically negative (<-1.0)', 'Capital ratio critical (<6%)', 'Net income negative']",3,v1.0-rules-based,True,False,
2026-03-04 12:23:24,34979,NEW CENTURY BANK,2000-09-30,6,-5.1202,12.0483,5.0,46151.0,4,ELEVATED,"['ROA critically negative (<-1.0)', 'Net income negative']",2,v1.0-rules-based,False,False,
2026-03-04 12:23:24,34979,NEW CENTURY BANK,2000-12-31,5,-4.0526,12.2198,5.0,40241.0,4,ELEVATED,"['ROA critically negative (<-1.0)', 'Net income negative']",2,v1.0-rules-based,False,False,
2026-03-04 12:23:24,34979,NEW CENTURY BANK,2001-03-31,4,-9.3962,11.737,3.0,34768.0,4,ELEVATED,"['ROA critically negative (<-1.0)', 'Net income negative']",2,v1.0-rules-based,False,False,
2026-03-04 12:23:24,34979,NEW CENTURY BANK,2001-06-30,3,-12.4858,9.3788,2.0,29510.0,5,HIGH,"['ROA critically negative (<-1.0)', 'Capital ratio below well-capitalised', 'Net income negative']",3,v1.0-rules-based,True,False,
2026-03-04 12:23:24,34979,NEW CENTURY BANK,2001-09-30,2,-16.1,1.9739,5.0,26360.0,7,CRITICAL,"['ROA critically negative (<-1.0)', 'Capital ratio critical (<6%)', 'Net income negative']",3,v1.0-rules-based,True,False,
2026-03-04 12:23:24,34979,NEW CENTURY BANK,2001-12-31,1,-16.4111,-0.0789,8.0,21091.0,4,ELEVATED,"['ROA critically negative (<-1.0)', 'Net income negative']",2,v1.0-rules-based,False,False,
2026-03-04 12:23:24,33784,AMTRADE INTERNATIONAL BANK OF GEORGIA,1999-09-30,12,-2.101,18.4225,3.0,121875.0,4,ELEVATED,"['ROA critically negative (<-1.0)', 'Net income negative']",2,v1.0-rules-based,False,False,
2026-03-04 12:23:24,33784,AMTRADE INTERNATIONAL BANK OF GEORGIA,1999-12-31,11,-3.4335,16.689,4.0,126497.0,4,ELEVATED,"['ROA critically negative (<-1.0)', 'Net income negative']",2,v1.0-rules-based,False,False,
2026-03-04 12:23:24,33784,AMTRADE INTERNATIONAL BANK OF GEORGIA,2000-03-31,10,10.4459,22.471,5.0,124165.0,0,WATCH,[],0,v1.0-rules-based,False,False,
2026-03-04 12:23:24,33784,AMTRADE INTERNATIONAL BANK OF GEORGIA,2000-06-30,9,6.2678,21.7443,5.0,110228.0,0,WATCH,[],0,v1.0-rules-based,False,False,
2026-03-04 12:23:24,33784,AMTRADE INTERNATIONAL BANK OF GEORGIA,2000-09-30,8,4.9177,21.8286,5.0,99906.0,0,WATCH,[],0,v1.0-rules-based,False,False,
2026-03-04 12:23:24,33784,AMTRADE INTERNATIONAL BANK OF GEORGIA,2000-12-31,7,3.0047,19.318,1.0,101826.0,0,WATCH,[],0,v1.0-rules-based,False,False,
2026-03-04 12:23:24,33784,AMTRADE INTERNATIONAL BANK OF GEORGIA,2001-03-31,6,-0.8637,22.4427,1.0,117693.0,3,ELEVATED,"['ROA negative', 'Net income negative']",2,v1.0-rules-based,False,False,
2026-03-04 12:23:24,33784,AMTRADE INTERNATIONAL BANK OF GEORGIA,2001-06-30,5,-0.2581,23.5445,0.0,126800.0,3,ELEVATED,"['ROA negative', 'Net income negative']",2,v1.0-rules-based,False,False,
2026-03-04 12:23:24,33784,AMTRADE INTERNATIONAL BANK OF GEORGIA,2001-09-30,4,-0.0524,23.2427,1.0,132076.0,3,ELEVATED,"['ROA negative', 'Net income negative']",2,v1.0-rules-based,False,False,
2026-03-04 12:23:24,33784,AMTRADE INTERNATIONAL BANK OF GEORGIA,2001-12-31,3,-0.8995,33.0806,1.0,123045.0,3,ELEVATED,"['ROA negative', 'Net income negative']",2,v1.0-rules-based,False,False,
2026-03-04 12:23:24,33784,AMTRADE INTERNATIONAL BANK OF GEORGIA,2002-03-31,2,-0.1859,34.8585,2.0,122283.0,3,ELEVATED,"['ROA negative', 'Net income negative']",2,v1.0-rules-based,False,False,
2026-03-04 12:23:24,33784,AMTRADE INTERNATIONAL BANK OF GEORGIA,2002-06-30,1,-9.8479,17.6118,22.0,92144.0,4,ELEVATED,"['ROA critically negative (<-1.0)', 'Net income negative']",2,v1.0-rules-based,False,False,
2026-03-04 12:23:24,27094,SOUTHERN PACIFIC BANK,1999-12-31,12,-0.2722,10.629,2.0,1846992.0,3,ELEVATED,"['ROA negative', 'Net income negative']",2,v1.0-rules-based,False,False,
2026-03-04 12:23:24,27094,SOUTHERN PACIFIC BANK,2000-03-31,11,-1.7805,10.308,3.0,1902148.0,4,ELEVATED,"['ROA critically negative (<-1.0)', 'Net income negative']",2,v1.0-rules-based,False,False,
2026-03-04 12:23:24,35353,METROPOLITAN SAVINGS BANK,2003-12-31,12,0.8031,13.2772,0.0,13274.0,0,WATCH,[],0,v1.0-rules-based,False,False,
2026-03-04 12:23:24,35353,METROPOLITAN SAVINGS BANK,2004-03-31,11,1.6871,13.6057,0.0,13280.0,0,WATCH,[],0,v1.0-rules-based,False,False,
2026-03-04 12:23:24,35353,METROPOLITAN SAVINGS BANK,2004-06-30,10,1.0457,12.9892,0.0,13610.0,0,WATCH,[],0,v1.0-rules-based,False,False,
2026-03-04 12:23:24,35353,METROPOLITAN SAVINGS BANK,2004-09-30,9,1.0787,13.372,0.0,13727.0,0,WATCH,[],0,v1.0-rules-based,False,False,
2026-03-04 12:23:24,35353,METROPOLITAN SAVINGS BANK,2004-12-31,8,1.0721,13.0973,0.0,13266.0,0,WATCH,[],0,v1.0-rules-based,False,False,
2026-03-04 12:23:24,35353,METROPOLITAN SAVINGS BANK,2005-03-31,7,1.3402,11.565,0.0,14193.0,0,WATCH,[],0,v1.0-rules-based,False,False,
2026-03-04 12:23:24,35353,METROPOLITAN SAVINGS BANK,2005-06-30,6,1.0698,13.4682,0.0,14043.0,0,WATCH,[],0,v1.0-rules-based,False,False,
2026-03-04 12:23:24,35353,METROPOLITAN SAVINGS BANK,2005-09-30,5,1.1487,14.4395,0.0,14212.0,0,WATCH,[],0,v1.0-rules-based,False,False,
2026-03-04 12:23:24,35353,METROPOLITAN SAVINGS BANK,2005-12-31,4,1.1259,14.378,0.0,14450.0,0,WATCH,[],0,v1.0-rules-based,False,False,
2026-03-04 12:23:24,35353,METROPOLITAN SAVINGS BANK,2006-03-31,3,0.3633,15.2577,0.0,14175.0,1,WATCH,['ROA very low (<0.5)'],1,v1.0-rules-based,False,False,
2026-03-04 12:23:24,35353,METROPOLITAN SAVINGS BANK,2006-06-30,2,0.3197,16.1118,0.0,14537.0,1,WATCH,['ROA very low (<0.5)'],1,v1.0-rules-based,False,False,
2026-03-04 12:23:24,35353,METROPOLITAN SAVINGS BANK,2006-09-30,1,0.1448,15.426,0.0,15760.0,1,WATCH,['ROA very low (<0.5)'],1,v1.0-rules-based,False,False,
2026-03-04 12:23:24,24660,THE DOUGLASS BANK,1988-12-31,12,0.7422,0.0,1.0,43720.0,0,WATCH,[],0,v1.0-rules-based,False,False,
2026-03-04 12:23:24,24660,THE DOUGLASS BANK,1989-03-31,11,0.4957,0.0,1.0,45050.0,1,WATCH,['ROA very low (<0.5)'],1,v1.0-rules-based,False,False,
2026-03-04 12:23:24,24660,THE DOUGLASS BANK,1989-06-30,10,0.3089,0.0,1.0,45240.0,1,WATCH,['ROA very low (<0.5)'],1,v1.0-rules-based,False,False,
2026-03-04 12:23:24,24660,THE DOUGLASS BANK,1989-09-30,9,0.1332,0.0,1.0,42175.0,1,WATCH,['ROA very low (<0.5)'],1,v1.0-rules-based,False,False,
2026-03-04 12:23:24,24660,THE DOUGLASS BANK,1989-12-31,8,-0.4746,0.0,2.0,38728.0,3,ELEVATED,"['ROA negative', 'Net income negative']",2,v1.0-rules-based,False,False,
2026-03-04 12:23:24,24660,THE DOUGLASS BANK,1990-03-31,7,0.0629,9.0974,2.0,37637.0,2,WATCH,"['ROA very low (<0.5)', 'Capital ratio below well-capitalised']",2,v1.0-rules-based,False,False,
2026-03-04 12:23:24,24660,THE DOUGLASS BANK,1990-06-30,6,-0.2662,10.3177,4.0,36320.0,3,ELEVATED,"['ROA negative', 'Net income negative']",2,v1.0-rules-based,False,False,
2026-03-04 12:23:24,24660,THE DOUGLASS BANK,1990-09-30,5,-0.6255,9.1827,3.0,44192.0,4,ELEVATED,"['ROA negative', 'Capital ratio below well-capitalised', 'Net income negative']",3,v1.0-rules-based,False,False,
2026-03-04 12:23:24,24660,THE DOUGLASS BANK,1990-12-31,4,-1.1936,8.198,4.0,33306.0,5,HIGH,"['ROA critically negative (<-1.0)', 'Capital ratio below well-capitalised', 'Net income negative']",3,v1.0-rules-based,True,False,
2026-03-04 12:23:24,24660,THE DOUGLASS BANK,1991-03-31,3,0.1684,8.6082,4.0,28439.0,2,WATCH,"['ROA very low (<0.5)', 'Capital ratio below well-capitalised']",2,v1.0-rules-based,False,False,
2026-03-04 12:23:24,24660,THE DOUGLASS BANK,1991-06-30,2,-0.9694,7.2926,3.0,26759.0,5,HIGH,"['ROA negative', 'Capital ratio low (<8%)', 'Net income negative']",3,v1.0-rules-based,True,False,
2026-03-04 12:23:24,24660,THE DOUGLASS BANK,1991-09-30,1,-2.437,4.5387,4.0,31860.0,7,CRITICAL,"['ROA critically negative (<-1.0)', 'Capital ratio critical (<6%)', 'Net income negative']",3,v1.0-rules-based,True,False,
2026-03-04 12:23:24,24660,THE DOUGLASS BANK,1991-12-31,0,-5.2375,19.3538,6.0,26174.0,4,ELEVATED,"['ROA critically negative (<-1.0)', 'Net income negative']",2,v1.0-rules-based,False,False,
2026-03-04 12:23:24,33901,ANB FINANCIAL NATIONAL ASSOCIATION,2005-03-31,12,2.6654,10.6465,1.0,694826.0,0,WATCH,[],0,v1.0-rules-based,False,False,
2026-03-04 12:23:24,33901,ANB FINANCIAL NATIONAL ASSOCIATION,2005-06-30,11,2.2427,10.3036,2.0,788527.0,0,WATCH,[],0,v1.0-rules-based,False,False,
2026-03-04 12:23:24,33901,ANB FINANCIAL NATIONAL ASSOCIATION,2005-09-30,10,2.1517,10.3226,1.0,882219.0,0,WATCH,[],0,v1.0-rules-based,False,False,
2026-03-04 12:23:24,33901,ANB FINANCIAL NATIONAL ASSOCIATION,2005-12-31,9,2.1734,10.5818,1.0,966014.0,0,WATCH,[],0,v1.0-rules-based,False,False,
2026-03-04 12:23:24,33901,ANB FINANCIAL NATIONAL ASSOCIATION,2006-03-31,8,2.4812,10.9858,1.0,1069167.0,0,WATCH,[],0,v1.0-rules-based,False,False,
2026-03-04 12:23:24,33901,ANB FINANCIAL NATIONAL ASSOCIATION,2006-06-30,7,2.3853,10.8142,1.0,1175771.0,0,WATCH,[],0,v1.0-rules-based,False,False,
2026-03-04 12:23:24,33901,ANB FINANCIAL NATIONAL ASSOCIATION,2006-09-30,6,2.3766,10.0511,2.0,1339967.0,0,WATCH,[],0,v1.0-rules-based,False,False,
2026-03-04 12:23:24,57961,FIRST HERITAGE BANK N.A.,2005-06-30,12,-1.3158,19.8634,0.0,105732.0,4,ELEVATED,"['ROA critically negative (<-1.0)', 'Net income negative']",2,v1.0-rules-based,False,False,
2026-03-04 12:23:24,57961,FIRST HERITAGE BANK N.A.,2005-09-30,11,-1.3252,14.969,0.0,129495.0,4,ELEVATED,"['ROA critically negative (<-1.0)', 'Net income negative']",2,v1.0-rules-based,False,False,
2026-03-04 12:23:24,57961,FIRST HERITAGE BANK N.A.,2005-12-31,10,-1.3808,21.9292,0.0,131222.0,4,ELEVATED,"['ROA critically negative (<-1.0)', 'Net income negative']",2,v1.0-rules-based,False,False,
2026-03-04 12:23:24,57961,FIRST HERITAGE BANK N.A.,2006-03-31,9,-0.7323,14.272,0.0,222754.0,3,ELEVATED,"['ROA negative', 'Net income negative']",2,v1.0-rules-based,False,False,
2026-03-04 12:23:24,57961,FIRST HERITAGE BANK N.A.,2006-06-30,8,-0.4752,13.9397,0.0,225535.0,3,ELEVATED,"['ROA negative', 'Net income negative']",2,v1.0-rules-based,False,False,
2026-03-04 12:23:24,57961,FIRST HERITAGE BANK N.A.,2006-09-30,7,-0.3661,15.3449,0.0,195534.0,3,ELEVATED,"['ROA negative', 'Net income negative']",2,v1.0-rules-based,False,False,
2026-03-04 12:23:24,57961,FIRST HERITAGE BANK N.A.,2006-12-31,6,-0.0567,13.0291,0.0,211922.0,3,ELEVATED,"['ROA negative', 'Net income negative']",2,v1.0-rules-based,False,False,
2026-03-04 12:23:24,57961,FIRST HERITAGE BANK N.A.,2007-03-31,5,1.086,13.7408,0.0,217532.0,0,WATCH,[],0,v1.0-rules-based,False,False,
2026-03-04 12:23:24,57961,FIRST HERITAGE BANK N.A.,2007-06-30,4,0.8979,13.2927,0.0,245452.0,0,WATCH,[],0,v1.0-rules-based,False,False,
2026-03-04 12:23:24,57961,FIRST HERITAGE BANK N.A.,2007-09-30,3,1.0758,13.9795,0.0,232274.0,0,WATCH,[],0,v1.0-rules-based,False,False,
2026-03-04 12:23:24,57961,FIRST HERITAGE BANK N.A.,2007-12-31,2,1.1944,24.7223,1.0,137728.0,0,WATCH,[],0,v1.0-rules-based,False,False,
2026-03-04 12:23:24,57961,FIRST HERITAGE BANK N.A.,2008-03-31,1,-5.0899,15.6603,1.0,158701.0,4,ELEVATED,"['ROA critically negative (<-1.0)', 'Net income negative']",2,v1.0-rules-based,False,False,
2026-03-04 12:23:24,57961,FIRST HERITAGE BANK N.A.,2008-06-30,0,-5.2801,12.7342,4.0,255376.0,4,ELEVATED,"['ROA critically negative (<-1.0)', 'Net income negative']",2,v1.0-rules-based,False,False,
2026-03-04 12:23:24,57523,FIRST PRIORITY BANK,2005-06-30,12,-0.374,16.7297,0.0,101798.0,3,ELEVATED,"['ROA negative', 'Net income negative']",2,v1.0-rules-based,False,False,
2026-03-04 12:23:24,57523,FIRST PRIORITY BANK,2005-09-30,11,-0.214,13.1086,0.0,124893.0,3,ELEVATED,"['ROA negative', 'Net income negative']",2,v1.0-rules-based,False,False,
2026-03-04 12:23:24,57523,FIRST PRIORITY BANK,2005-12-31,10,0.0187,12.0775,0.0,140550.0,1,WATCH,['ROA very low (<0.5)'],1,v1.0-rules-based,False,False,
2026-03-04 12:23:24,57523,FIRST PRIORITY BANK,2006-03-31,9,0.0745,17.5887,0.0,170959.0,1,WATCH,['ROA very low (<0.5)'],1,v1.0-rules-based,False,False,
2026-03-04 12:23:24,57523,FIRST PRIORITY BANK,2006-06-30,8,-0.1762,18.4056,1.0,202549.0,3,ELEVATED,"['ROA negative', 'Net income negative']",2,v1.0-rules-based,False,False,
2026-03-04 12:23:24,57523,FIRST PRIORITY BANK,2006-09-30,7,0.044,16.9477,1.0,225024.0,1,WATCH,['ROA very low (<0.5)'],1,v1.0-rules-based,False,False,
2026-03-04 12:23:24,57523,FIRST PRIORITY BANK,2006-12-31,6,-0.2773,15.5479,1.0,245343.0,3,ELEVATED,"['ROA negative', 'Net income negative']",2,v1.0-rules-based,False,False,
2026-03-04 12:23:24,57523,FIRST PRIORITY BANK,2007-03-31,5,-0.4607,14.7289,2.0,261765.0,3,ELEVATED,"['ROA negative', 'Net income negative']",2,v1.0-rules-based,False,False,
2026-03-04 12:23:24,57523,FIRST PRIORITY BANK,2007-06-30,4,-0.6473,13.9049,3.0,257578.0,3,ELEVATED,"['ROA negative', 'Net income negative']",2,v1.0-rules-based,False,False,
2026-03-04 12:23:24,57523,FIRST PRIORITY BANK,2007-09-30,3,-2.4711,10.7897,6.0,276219.0,4,ELEVATED,"['ROA critically negative (<-1.0)', 'Net income negative']",2,v1.0-rules-based,False,False,
2026-03-04 12:23:24,57523,FIRST PRIORITY BANK,2007-12-31,2,-7.2871,7.3462,13.0,262563.0,6,HIGH,"['ROA critically negative (<-1.0)', 'Capital ratio low (<8%)', 'Net income negative']",3,v1.0-rules-based,True,False,
2026-03-04 12:23:24,57523,FIRST PRIORITY BANK,2008-03-31,1,-4.5902,5.9518,17.0,261335.0,7,CRITICAL,"['ROA critically negative (<-1.0)', 'Capital ratio critical (<6%)', 'Net income negative']",3,v1.0-rules-based,True,False,
2026-03-04 12:23:24,57523,FIRST PRIORITY BANK,2008-06-30,0,-9.5447,1.7161,18.0,258610.0,7,CRITICAL,"['ROA critically negative (<-1.0)', 'Capital ratio critical (<6%)', 'Net income negative']",3,v1.0-rules-based,True,False,
2026-03-04 12:23:24,35469,INTEGRITY BANK,2005-09-30,12,1.2715,11.3891,0.0,660669.0,0,WATCH,[],0,v1.0-rules-based,False,False,
2026-03-04 12:23:24,35469,INTEGRITY BANK,2005-12-31,11,1.2615,10.3507,0.0,751036.0,0,WATCH,[],0,v1.0-rules-based,False,False,
2026-03-04 12:23:24,35469,INTEGRITY BANK,2006-03-31,10,1.3138,11.9812,0.0,879037.0,0,WATCH,[],0,v1.0-rules-based,False,False,
2026-03-04 12:23:24,35469,INTEGRITY BANK,2006-06-30,9,1.3605,11.2399,0.0,954680.0,0,WATCH,[],0,v1.0-rules-based,False,False,
2026-03-04 12:23:24,35469,INTEGRITY BANK,2006-09-30,8,1.4342,11.2545,0.0,1015138.0,0,WATCH,[],0,v1.0-rules-based,False,False,
2026-03-04 12:23:24,35469,INTEGRITY BANK,2006-12-31,7,1.2722,12.3474,1.0,1120244.0,0,WATCH,[],0,v1.0-rules-based,False,False,
2026-03-04 12:23:24,35469,INTEGRITY BANK,2007-03-31,6,1.1598,12.2106,2.0,1208463.0,0,WATCH,[],0,v1.0-rules-based,False,False,
2026-03-04 12:23:24,35469,INTEGRITY BANK,2007-06-30,5,-4.7164,9.6817,6.0,1240039.0,5,HIGH,"['ROA critically negative (<-1.0)', 'Capital ratio below well-capitalised', 'Net income negative']",3,v1.0-rules-based,True,False,
2026-03-04 12:23:24,35469,INTEGRITY BANK,2007-09-30,4,-2.9452,10.0982,7.0,1298761.0,4,ELEVATED,"['ROA critically negative (<-1.0)', 'Net income negative']",2,v1.0-rules-based,False,False,
2026-03-04 12:23:24,35469,INTEGRITY BANK,2007-12-31,3,-3.7185,8.9994,12.0,1209722.0,5,HIGH,"['ROA critically negative (<-1.0)', 'Capital ratio below well-capitalised', 'Net income negative']",3,v1.0-rules-based,True,False,
2026-03-04 12:23:24,35469,INTEGRITY BANK,2008-03-31,2,-3.1756,8.1007,23.0,1203701.0,5,HIGH,"['ROA critically negative (<-1.0)', 'Capital ratio below well-capitalised', 'Net income negative']",3,v1.0-rules-based,True,False,
2026-03-04 12:23:24,35469,INTEGRITY BANK,2008-06-30,1,-5.7194,7.0617,33.0,1107514.0,6,HIGH,"['ROA critically negative (<-1.0)', 'Capital ratio low (<8%)', 'Net income negative']",3,v1.0-rules-based,True,False,
2026-03-04 12:23:24,34194,SILVER STATE BANK,2005-09-30,12,2.3066,12.1155,0.0,790235.0,0,WATCH,[],0,v1.0-rules-based,False,False,
2026-03-04 12:23:24,34194,SILVER STATE BANK,2005-12-31,11,2.1886,11.8695,0.0,805487.0,0,WATCH,[],0,v1.0-rules-based,False,False,
2026-03-04 12:23:24,34194,SILVER STATE BANK,2006-03-31,10,2.2939,11.4354,0.0,871663.0,0,WATCH,[],0,v1.0-rules-based,False,False,
2026-03-04 12:23:24,34194,SILVER STATE BANK,2006-06-30,9,2.3394,10.8648,0.0,949950.0,0,WATCH,[],0,v1.0-rules-based,False,False,
2026-03-04 12:23:24,34194,SILVER STATE BANK,2006-09-30,8,2.3794,10.9244,0.0,995857.0,0,WATCH,[],0,v1.0-rules-based,False,False,
2026-03-04 12:23:24,34194,SILVER STATE BANK,2006-12-31,7,2.4129,10.6733,0.0,1042185.0,0,WATCH,[],0,v1.0-rules-based,False,False,
2026-03-04 12:23:24,34194,SILVER STATE BANK,2007-03-31,6,2.1117,9.6332,0.0,1196406.0,1,WATCH,['Capital ratio below well-capitalised'],1,v1.0-rules-based,False,False,
2026-03-04 12:23:24,34194,SILVER STATE BANK,2007-06-30,5,2.0781,10.8343,0.0,1306032.0,0,WATCH,[],0,v1.0-rules-based,False,False,
2026-03-04 12:23:24,34194,SILVER STATE BANK,2007-09-30,4,2.1367,11.3667,0.0,1446415.0,0,WATCH,[],0,v1.0-rules-based,False,False,
2026-03-04 12:23:24,34194,SILVER STATE BANK,2007-12-31,3,2.0262,11.326,1.0,1529629.0,0,WATCH,[],0,v1.0-rules-based,False,False,
2026-03-04 12:23:24,34194,SILVER STATE BANK,2008-03-31,2,-3.3004,10.4784,4.0,1624672.0,4,ELEVATED,"['ROA critically negative (<-1.0)', 'Net income negative']",2,v1.0-rules-based,False,False,
2026-03-04 12:23:24,34194,SILVER STATE BANK,2008-06-30,1,-9.0832,8.8615,14.0,1957120.0,5,HIGH,"['ROA critically negative (<-1.0)', 'Capital ratio below well-capitalised', 'Net income negative']",3,v1.0-rules-based,True,False,
2026-03-04 12:23:24,57654,MAIN STREET BANK,2005-09-30,12,-1.5423,16.3949,0.0,78029.0,4,ELEVATED,"['ROA critically negative (<-1.0)', 'Net income negative']",2,v1.0-rules-based,False,False,
2026-03-04 12:23:24,57654,MAIN STREET BANK,2005-12-31,11,-1.2681,13.1636,0.0,95001.0,4,ELEVATED,"['ROA critically negative (<-1.0)', 'Net income negative']",2,v1.0-rules-based,False,False,
2026-03-04 12:23:24,57654,MAIN STREET BANK,2006-03-31,10,-0.1257,11.8422,1.0,108615.0,3,ELEVATED,"['ROA negative', 'Net income negative']",2,v1.0-rules-based,False,False,
2026-03-04 12:23:24,57654,MAIN STREET BANK,2006-06-30,9,0.1103,11.0521,1.0,133630.0,1,WATCH,['ROA very low (<0.5)'],1,v1.0-rules-based,False,False,
2026-03-04 12:23:24,57654,MAIN STREET BANK,2006-09-30,8,0.3275,12.4563,1.0,138270.0,1,WATCH,['ROA very low (<0.5)'],1,v1.0-rules-based,False,False,
2026-03-04 12:23:24,57654,MAIN STREET BANK,2006-12-31,7,0.3716,12.9759,2.0,140788.0,1,WATCH,['ROA very low (<0.5)'],1,v1.0-rules-based,False,False,
2026-03-04 12:23:24,57654,MAIN STREET BANK,2007-03-31,6,-0.651,12.0909,2.0,155362.0,3,ELEVATED,"['ROA negative', 'Net income negative']",2,v1.0-rules-based,False,False,
2026-03-04 12:23:24,57654,MAIN STREET BANK,2007-06-30,5,-0.9114,11.882,3.0,158120.0,3,ELEVATED,"['ROA negative', 'Net income negative']",2,v1.0-rules-based,False,False,
2026-03-04 12:23:24,57654,MAIN STREET BANK,2007-09-30,4,-1.4915,11.1665,5.0,153946.0,4,ELEVATED,"['ROA critically negative (<-1.0)', 'Net income negative']",2,v1.0-rules-based,False,False,
2026-03-04 12:23:24,57654,MAIN STREET BANK,2007-12-31,3,-3.3402,8.5553,8.0,136947.0,5,HIGH,"['ROA critically negative (<-1.0)', 'Capital ratio below well-capitalised', 'Net income negative']",3,v1.0-rules-based,True,False,
2026-03-04 12:23:24,57654,MAIN STREET BANK,2008-03-31,2,-9.4783,6.8138,10.0,131877.0,6,HIGH,"['ROA critically negative (<-1.0)', 'Capital ratio low (<8%)', 'Net income negative']",3,v1.0-rules-based,True,False,
2026-03-04 12:23:24,57654,MAIN STREET BANK,2008-06-30,1,-10.2893,4.2027,9.0,112368.0,7,CRITICAL,"['ROA critically negative (<-1.0)', 'Capital ratio critical (<6%)', 'Net income negative']",3,v1.0-rules-based,True,False,
2026-03-04 12:23:24,58241,ALPHA BANK & TRUST,2006-06-30,9,-2.6344,142.1254,0.0,44032.0,4,ELEVATED,"['ROA critically negative (<-1.0)', 'Net income negative']",2,v1.0-rules-based,False,False,
2026-03-04 12:23:24,58241,ALPHA BANK & TRUST,2006-09-30,8,-2.0508,36.318,0.0,88597.0,4,ELEVATED,"['ROA critically negative (<-1.0)', 'Net income negative']",2,v1.0-rules-based,False,False,
2026-03-04 12:23:24,58241,ALPHA BANK & TRUST,2006-12-31,7,-1.4907,19.9522,0.0,168030.0,4,ELEVATED,"['ROA critically negative (<-1.0)', 'Net income negative']",2,v1.0-rules-based,False,False,
2026-03-04 12:23:24,58241,ALPHA BANK & TRUST,2007-03-31,6,-0.2233,15.3836,0.0,222511.0,3,ELEVATED,"['ROA negative', 'Net income negative']",2,v1.0-rules-based,False,False,
2026-03-04 12:23:24,58241,ALPHA BANK & TRUST,2007-06-30,5,0.218,12.3928,0.0,278197.0,1,WATCH,['ROA very low (<0.5)'],1,v1.0-rules-based,False,False,
2026-03-04 12:23:24,58241,ALPHA BANK & TRUST,2007-09-30,4,0.2282,11.0437,1.0,333952.0,1,WATCH,['ROA very low (<0.5)'],1,v1.0-rules-based,False,False,
2026-03-04 12:23:24,58241,ALPHA BANK & TRUST,2007-12-31,3,-2.8725,8.5334,2.0,363894.0,5,HIGH,"['ROA critically negative (<-1.0)', 'Capital ratio below well-capitalised', 'Net income negative']",3,v1.0-rules-based,True,False,
2026-03-04 12:23:24,58241,ALPHA BANK & TRUST,2008-03-31,2,-0.3119,8.3571,9.0,385182.0,4,ELEVATED,"['ROA negative', 'Capital ratio below well-capitalised', 'Net income negative']",3,v1.0-rules-based,False,False,
2026-03-04 12:23:24,58241,ALPHA BANK & TRUST,2008-06-30,1,-3.6207,6.9617,20.0,383235.0,6,HIGH,"['ROA critically negative (<-1.0)', 'Capital ratio low (<8%)', 'Net income negative']",3,v1.0-rules-based,True,False,
2026-03-04 12:23:24,58241,ALPHA BANK & TRUST,2008-09-30,0,-7.8746,2.9157,32.0,354090.0,7,CRITICAL,"['ROA critically negative (<-1.0)', 'Capital ratio critical (<6%)', 'Net income negative']",3,v1.0-rules-based,True,False,
2026-03-04 12:23:24,57930,FREEDOM BANK,2005-09-30,12,-3.3611,37.0857,0.0,51573.0,4,ELEVATED,"['ROA critically negative (<-1.0)', 'Net income negative']",2,v1.0-rules-based,False,False,
2026-03-04 12:23:24,57930,FREEDOM BANK,2005-12-31,11,-1.7487,21.6862,0.0,89991.0,4,ELEVATED,"['ROA critically negative (<-1.0)', 'Net income negative']",2,v1.0-rules-based,False,False,
2026-03-04 12:23:24,57930,FREEDOM BANK,2006-03-31,10,-0.8193,32.8916,0.0,125801.0,3,ELEVATED,"['ROA negative', 'Net income negative']",2,v1.0-rules-based,False,False,
2026-03-04 12:23:24,57930,FREEDOM BANK,2006-06-30,9,-0.5913,28.2033,0.0,159628.0,3,ELEVATED,"['ROA negative', 'Net income negative']",2,v1.0-rules-based,False,False,
2026-03-04 12:23:24,57930,FREEDOM BANK,2006-09-30,8,-0.5607,25.98,0.0,160112.0,3,ELEVATED,"['ROA negative', 'Net income negative']",2,v1.0-rules-based,False,False,
2026-03-04 12:23:24,57930,FREEDOM BANK,2006-12-31,7,-0.6748,18.5038,1.0,215839.0,3,ELEVATED,"['ROA negative', 'Net income negative']",2,v1.0-rules-based,False,False,
2026-03-04 12:23:24,57930,FREEDOM BANK,2007-03-31,6,-1.0284,14.7916,4.0,262569.0,4,ELEVATED,"['ROA critically negative (<-1.0)', 'Net income negative']",2,v1.0-rules-based,False,False,
2026-03-04 12:23:24,57930,FREEDOM BANK,2007-06-30,5,-0.9706,13.4764,2.0,279482.0,3,ELEVATED,"['ROA negative', 'Net income negative']",2,v1.0-rules-based,False,False,
2026-03-04 12:23:24,57930,FREEDOM BANK,2007-09-30,4,-0.746,12.9617,2.0,290908.0,3,ELEVATED,"['ROA negative', 'Net income negative']",2,v1.0-rules-based,False,False,
2026-03-04 12:23:24,57930,FREEDOM BANK,2007-12-31,3,-2.1919,9.6075,3.0,291586.0,5,HIGH,"['ROA critically negative (<-1.0)', 'Capital ratio below well-capitalised', 'Net income negative']",3,v1.0-rules-based,True,False,
2026-03-04 12:23:24,57930,FREEDOM BANK,2008-03-31,2,-10.7596,7.7625,8.0,290891.0,6,HIGH,"['ROA critically negative (<-1.0)', 'Capital ratio low (<8%)', 'Net income negative']",3,v1.0-rules-based,True,False,
2026-03-04 12:23:24,57930,FREEDOM BANK,2008-06-30,1,-10.2481,4.9721,14.0,284145.0,7,CRITICAL,"['ROA critically negative (<-1.0)', 'Capital ratio critical (<6%)', 'Net income negative']",3,v1.0-rules-based,True,False,
2026-03-04 12:23:24,57930,FREEDOM BANK,2008-09-30,0,-8.4504,3.4476,16.0,270842.0,7,CRITICAL,"['ROA critically negative (<-1.0)', 'Capital ratio critical (<6%)', 'Net income negative']",3,v1.0-rules-based,True,False,
2026-03-04 12:23:24,58180,DEPARTMENT STORES NATIONAL BANK,2005-12-31,12,0.4709,25.5503,0.0,254391.0,1,WATCH,['ROA very low (<0.5)'],1,v1.0-rules-based,False,False,
2026-03-04 12:23:24,58180,DEPARTMENT STORES NATIONAL BANK,2006-03-31,11,1.9694,38.5813,0.0,143293.0,0,WATCH,[],0,v1.0-rules-based,False,False,
2026-03-04 12:23:24,58180,DEPARTMENT STORES NATIONAL BANK,2006-06-30,10,1.7286,30.0962,0.0,232290.0,0,WATCH,[],0,v1.0-rules-based,False,False,
2026-03-04 12:23:24,58180,DEPARTMENT STORES NATIONAL BANK,2006-09-30,9,1.4086,26.9219,0.0,242714.0,0,WATCH,[],0,v1.0-rules-based,False,False,
2026-03-04 12:23:24,58180,DEPARTMENT STORES NATIONAL BANK,2006-12-31,8,1.2131,18.9564,0.0,581439.0,0,WATCH,[],0,v1.0-rules-based,False,False,
2026-03-04 12:23:24,58180,DEPARTMENT STORES NATIONAL BANK,2007-03-31,7,0.9666,25.5207,0.0,318249.0,0,WATCH,[],0,v1.0-rules-based,False,False,
2026-03-04 12:23:24,58180,DEPARTMENT STORES NATIONAL BANK,2007-06-30,6,1.3109,24.7975,0.0,370453.0,0,WATCH,[],0,v1.0-rules-based,False,False,
2026-03-04 12:23:24,58180,DEPARTMENT STORES NATIONAL BANK,2007-09-30,5,1.1599,23.8792,0.0,421924.0,0,WATCH,[],0,v1.0-rules-based,False,False,
2026-03-04 12:23:24,58180,DEPARTMENT STORES NATIONAL BANK,2007-12-31,4,1.1945,21.9912,0.0,416002.0,0,WATCH,[],0,v1.0-rules-based,False,False,
2026-03-04 12:23:24,58180,DEPARTMENT STORES NATIONAL BANK,2008-03-31,3,0.3114,26.6317,0.0,347004.0,1,WATCH,['ROA very low (<0.5)'],1,v1.0-rules-based,False,False,
2026-03-04 12:23:24,58180,DEPARTMENT STORES NATIONAL BANK,2008-06-30,2,0.7059,28.2649,0.0,328357.0,0,WATCH,[],0,v1.0-rules-based,False,False,
2026-03-04 12:23:24,58180,DEPARTMENT STORES NATIONAL BANK,2008-09-30,1,0.8395,27.6483,0.0,374903.0,0,WATCH,[],0,v1.0-rules-based,False,False,
2026-03-04 12:23:24,58180,DEPARTMENT STORES NATIONAL BANK,2008-12-31,0,0.4152,25.4817,0.0,316068.0,1,WATCH,['ROA very low (<0.5)'],1,v1.0-rules-based,False,False,
2026-03-04 12:23:24,34301,FIRST GEORGIA COMMUNITY BANK,2005-12-31,12,1.24,11.2752,0.0,250829.0,0,WATCH,[],0,v1.0-rules-based,False,False,
2026-03-04 12:23:24,34301,FIRST GEORGIA COMMUNITY BANK,2006-03-31,11,1.4759,11.9154,1.0,242446.0,0,WATCH,[],0,v1.0-rules-based,False,False,
2026-03-04 12:23:24,34301,FIRST GEORGIA COMMUNITY BANK,2006-06-30,10,1.4052,11.463,0.0,268879.0,0,WATCH,[],0,v1.0-rules-based,False,False,
2026-03-04 12:23:24,34301,FIRST GEORGIA COMMUNITY BANK,2006-09-30,9,1.2612,11.2673,0.0,287832.0,0,WATCH,[],0,v1.0-rules-based,False,False,
2026-03-04 12:23:24,34301,FIRST GEORGIA COMMUNITY BANK,2006-12-31,8,1.247,11.2257,0.0,296479.0,0,WATCH,[],0,v1.0-rules-based,False,False,
2026-03-04 12:23:24,34301,FIRST GEORGIA COMMUNITY BANK,2007-03-31,7,1.1309,11.5305,1.0,303397.0,0,WATCH,[],0,v1.0-rules-based,False,False,
2026-03-04 12:23:24,34301,FIRST GEORGIA COMMUNITY BANK,2007-06-30,6,0.9204,11.3941,2.0,302385.0,0,WATCH,[],0,v1.0-rules-based,False,False,
2026-03-04 12:23:24,34301,FIRST GEORGIA COMMUNITY BANK,2007-09-30,5,0.4836,11.6096,4.0,306534.0,1,WATCH,['ROA very low (<0.5)'],1,v1.0-rules-based,False,False,
2026-03-04 12:23:24,34301,FIRST GEORGIA COMMUNITY BANK,2007-12-31,4,-4.0082,7.0004,9.0,285249.0,6,HIGH,"['ROA critically negative (<-1.0)', 'Capital ratio low (<8%)', 'Net income negative']",3,v1.0-rules-based,True,False,
2026-03-04 12:23:24,34301,FIRST GEORGIA COMMUNITY BANK,2008-03-31,3,-0.1335,7.0362,14.0,284024.0,5,HIGH,"['ROA negative', 'Capital ratio low (<8%)', 'Net income negative']",3,v1.0-rules-based,True,False,
2026-03-04 12:23:24,34301,FIRST GEORGIA COMMUNITY BANK,2008-06-30,2,-1.8584,7.7732,23.0,259179.0,6,HIGH,"['ROA critically negative (<-1.0)', 'Capital ratio low (<8%)', 'Net income negative']",3,v1.0-rules-based,True,False,
2026-03-04 12:23:24,34301,FIRST GEORGIA COMMUNITY BANK,2008-09-30,1,-1.468,8.881,29.0,256371.0,5,HIGH,"['ROA critically negative (<-1.0)', 'Capital ratio below well-capitalised', 'Net income negative']",3,v1.0-rules-based,True,False,
2026-03-04 12:23:24,35379,HAVEN TRUST BANK,2005-12-31,12,1.6857,10.994,0.0,269127.0,0,WATCH,[],0,v1.0-rules-based,False,False,
2026-03-04 12:23:24,35379,HAVEN TRUST BANK,2006-03-31,11,2.9707,10.3658,0.0,281044.0,0,WATCH,[],0,v1.0-rules-based,False,False,
2026-03-04 12:23:24,35379,HAVEN TRUST BANK,2006-06-30,10,2.7929,10.3229,1.0,309356.0,0,WATCH,[],0,v1.0-rules-based,False,False,
2026-03-04 12:23:24,35379,HAVEN TRUST BANK,2006-09-30,9,2.5265,9.6829,0.0,339059.0,1,WATCH,['Capital ratio below well-capitalised'],1,v1.0-rules-based,False,False,
2026-03-04 12:23:24,35379,HAVEN TRUST BANK,2006-12-31,8,2.3842,11.9298,1.0,372588.0,0,WATCH,[],0,v1.0-rules-based,False,False,
2026-03-04 12:23:24,35379,HAVEN TRUST BANK,2007-03-31,7,2.2741,11.3112,2.0,380252.0,0,WATCH,[],0,v1.0-rules-based,False,False,
2026-03-04 12:23:24,35379,HAVEN TRUST BANK,2007-06-30,6,1.9652,11.9863,1.0,399722.0,0,WATCH,[],0,v1.0-rules-based,False,False,
2026-03-04 12:23:24,35379,HAVEN TRUST BANK,2007-09-30,5,1.8063,11.3326,2.0,435621.0,0,WATCH,[],0,v1.0-rules-based,False,False,
2026-03-04 12:23:24,35379,HAVEN TRUST BANK,2007-12-31,4,1.3319,10.2556,3.0,504306.0,0,WATCH,[],0,v1.0-rules-based,False,False,
2026-03-04 12:23:24,35379,HAVEN TRUST BANK,2008-03-31,3,0.0579,9.931,7.0,490947.0,2,WATCH,"['ROA very low (<0.5)', 'Capital ratio below well-capitalised']",2,v1.0-rules-based,False,False,
2026-03-04 12:23:24,35379,HAVEN TRUST BANK,2008-06-30,2,-0.4556,8.1909,8.0,557594.0,4,ELEVATED,"['ROA negative', 'Capital ratio below well-capitalised', 'Net income negative']",3,v1.0-rules-based,False,False,
2026-03-04 12:23:24,35379,HAVEN TRUST BANK,2008-09-30,1,-3.4455,6.1602,13.0,559551.0,6,HIGH,"['ROA critically negative (<-1.0)', 'Capital ratio low (<8%)', 'Net income negative']",3,v1.0-rules-based,True,False,
2026-03-04 12:23:24,34571,MERRILL LYNCH BANK & TRUST CO FSB,2005-12-31,12,5.139,81.7716,0.0,199106.0,0,WATCH,[],0,v1.0-rules-based,False,False,
2026-03-04 12:23:24,34571,MERRILL LYNCH BANK & TRUST CO FSB,2006-03-31,11,3.8243,84.9322,0.0,193125.0,0,WATCH,[],0,v1.0-rules-based,False,False,
2026-03-04 12:23:24,34571,MERRILL LYNCH BANK & TRUST CO FSB,2006-06-30,10,3.7688,86.754,0.0,195700.0,0,WATCH,[],0,v1.0-rules-based,False,False,
2026-03-04 12:23:24,34571,MERRILL LYNCH BANK & TRUST CO FSB,2006-09-30,9,2.7815,11.9914,0.0,9169865.0,0,WATCH,[],0,v1.0-rules-based,False,False,
2026-03-04 12:23:24,34571,MERRILL LYNCH BANK & TRUST CO FSB,2006-12-31,8,2.1664,11.7427,1.0,14291650.0,0,WATCH,[],0,v1.0-rules-based,False,False,
2026-03-04 12:23:24,34571,MERRILL LYNCH BANK & TRUST CO FSB,2007-03-31,7,-1.3201,12.1952,2.0,14501898.0,4,ELEVATED,"['ROA critically negative (<-1.0)', 'Net income negative']",2,v1.0-rules-based,False,False,
2026-03-04 12:23:24,34571,MERRILL LYNCH BANK & TRUST CO FSB,2007-06-30,6,-1.5846,14.7358,1.0,13455076.0,4,ELEVATED,"['ROA critically negative (<-1.0)', 'Net income negative']",2,v1.0-rules-based,False,False,
2026-03-04 12:23:24,34571,MERRILL LYNCH BANK & TRUST CO FSB,2007-09-30,5,-6.5444,15.0675,1.0,30732440.0,4,ELEVATED,"['ROA critically negative (<-1.0)', 'Net income negative']",2,v1.0-rules-based,False,False,
2026-03-04 12:23:24,34571,MERRILL LYNCH BANK & TRUST CO FSB,2007-12-31,4,-6.1632,12.1031,1.0,37805411.0,4,ELEVATED,"['ROA critically negative (<-1.0)', 'Net income negative']",2,v1.0-rules-based,False,False,
2026-03-04 12:23:24,34571,MERRILL LYNCH BANK & TRUST CO FSB,2008-03-31,3,-0.113,14.0646,1.0,31036835.0,3,ELEVATED,"['ROA negative', 'Net income negative']",2,v1.0-rules-based,False,False,
2026-03-04 12:23:24,34571,MERRILL LYNCH BANK & TRUST CO FSB,2008-06-30,2,-0.8699,12.5816,1.0,31094658.0,3,ELEVATED,"['ROA negative', 'Net income negative']",2,v1.0-rules-based,False,False,
2026-03-04 12:23:24,34571,MERRILL LYNCH BANK & TRUST CO FSB,2008-09-30,1,-0.3958,11.4069,1.0,35845565.0,3,ELEVATED,"['ROA negative', 'Net income negative']",2,v1.0-rules-based,False,False,
2026-03-04 12:23:24,34571,MERRILL LYNCH BANK & TRUST CO FSB,2008-12-31,0,-0.3679,11.3983,1.0,37986413.0,3,ELEVATED,"['ROA negative', 'Net income negative']",2,v1.0-rules-based,False,False,
2026-03-04 12:23:24,34959,BANK OF CLARK COUNTY,2005-12-31,12,1.3099,10.0669,1.0,279062.0,0,WATCH,[],0,v1.0-rules-based,False,False,
2026-03-04 12:23:24,34959,BANK OF CLARK COUNTY,2006-03-31,11,1.5935,10.2302,1.0,296284.0,0,WATCH,[],0,v1.0-rules-based,False,False,
2026-03-04 12:23:24,34959,BANK OF CLARK COUNTY,2006-06-30,10,1.5749,10.3035,1.0,289872.0,0,WATCH,[],0,v1.0-rules-based,False,False,
2026-03-04 12:23:24,34959,BANK OF CLARK COUNTY,2006-09-30,9,1.6418,10.3212,1.0,308394.0,0,WATCH,[],0,v1.0-rules-based,False,False,
2026-03-04 12:23:24,34959,BANK OF CLARK COUNTY,2006-12-31,8,1.6803,10.2869,1.0,328528.0,0,WATCH,[],0,v1.0-rules-based,False,False,
2026-03-04 12:23:24,34959,BANK OF CLARK COUNTY,2007-03-31,7,1.6545,10.3199,0.0,345014.0,0,WATCH,[],0,v1.0-rules-based,False,False,
2026-03-04 12:23:24,34959,BANK OF CLARK COUNTY,2007-06-30,6,1.5127,10.1741,1.0,363299.0,0,WATCH,[],0,v1.0-rules-based,False,False,
2026-03-04 12:23:24,34959,BANK OF CLARK COUNTY,2007-09-30,5,1.5267,10.1983,1.0,381411.0,0,WATCH,[],0,v1.0-rules-based,False,False,
2026-03-04 12:23:24,34959,BANK OF CLARK COUNTY,2007-12-31,4,1.3224,10.5106,2.0,403467.0,0,WATCH,[],0,v1.0-rules-based,False,False,
2026-03-04 12:23:24,34959,BANK OF CLARK COUNTY,2008-03-31,3,0.3177,10.1771,4.0,427533.0,1,WATCH,['ROA very low (<0.5)'],1,v1.0-rules-based,False,False,
2026-03-04 12:23:24,34959,BANK OF CLARK COUNTY,2008-06-30,2,0.4936,10.766,3.0,452504.0,1,WATCH,['ROA very low (<0.5)'],1,v1.0-rules-based,False,False,
2026-03-04 12:23:24,34959,BANK OF CLARK COUNTY,2008-09-30,1,0.3221,11.0215,4.0,464810.0,1,WATCH,['ROA very low (<0.5)'],1,v1.0-rules-based,False,False,
2026-03-04 12:23:24,34959,BANK OF CLARK COUNTY,2008-12-31,0,-5.4869,5.7212,15.0,441085.0,7,CRITICAL,"['ROA critically negative (<-1.0)', 'Capital ratio critical (<6%)', 'Net income negative']",3,v1.0-rules-based,True,False,
2026-03-04 12:23:24,35453,BANK OF AMERICA OREGON N.A.,2005-12-31,12,1.0003,25.7002,0.0,9190464.0,0,WATCH,[],0,v1.0-rules-based,False,False,
2026-03-04 12:23:24,35453,BANK OF AMERICA OREGON N.A.,2006-03-31,11,0.4822,28.0211,0.0,8370944.0,1,WATCH,['ROA very low (<0.5)'],1,v1.0-rules-based,False,False,
2026-03-04 12:23:24,35453,BANK OF AMERICA OREGON N.A.,2006-06-30,10,0.4707,18.7682,0.0,12246286.0,1,WATCH,['ROA very low (<0.5)'],1,v1.0-rules-based,False,False,
2026-03-04 12:23:24,35453,BANK OF AMERICA OREGON N.A.,2006-09-30,9,0.3365,15.4701,0.0,13717160.0,1,WATCH,['ROA very low (<0.5)'],1,v1.0-rules-based,False,False,
2026-03-04 12:23:24,35453,BANK OF AMERICA OREGON N.A.,2006-12-31,8,0.3371,15.8077,0.0,14156326.0,1,WATCH,['ROA very low (<0.5)'],1,v1.0-rules-based,False,False,
2026-03-04 12:23:24,35453,BANK OF AMERICA OREGON N.A.,2007-03-31,7,0.372,12.6341,0.0,14605178.0,1,WATCH,['ROA very low (<0.5)'],1,v1.0-rules-based,False,False,
2026-03-04 12:23:24,35453,BANK OF AMERICA OREGON N.A.,2007-06-30,6,0.4843,13.0045,0.0,15385669.0,1,WATCH,['ROA very low (<0.5)'],1,v1.0-rules-based,False,False,
2026-03-04 12:23:24,35453,BANK OF AMERICA OREGON N.A.,2007-09-30,5,0.4156,16.8477,0.0,15611331.0,1,WATCH,['ROA very low (<0.5)'],1,v1.0-rules-based,False,False,
2026-03-04 12:23:24,35453,BANK OF AMERICA OREGON N.A.,2007-12-31,4,0.4295,18.7024,1.0,14650776.0,1,WATCH,['ROA very low (<0.5)'],1,v1.0-rules-based,False,False,
2026-03-04 12:23:24,35453,BANK OF AMERICA OREGON N.A.,2008-03-31,3,-0.3266,25.1469,2.0,10697284.0,3,ELEVATED,"['ROA negative', 'Net income negative']",2,v1.0-rules-based,False,False,
2026-03-04 12:23:24,35453,BANK OF AMERICA OREGON N.A.,2008-06-30,2,0.1908,23.1373,1.0,12721850.0,1,WATCH,['ROA very low (<0.5)'],1,v1.0-rules-based,False,False,
2026-03-04 12:23:24,35453,BANK OF AMERICA OREGON N.A.,2008-09-30,1,0.7938,23.7053,1.0,11875763.0,0,WATCH,[],0,v1.0-rules-based,False,False,
2026-03-04 12:23:24,35453,BANK OF AMERICA OREGON N.A.,2008-12-31,0,1.0205,25.7667,1.0,11526309.0,0,WATCH,[],0,v1.0-rules-based,False,False,
2026-03-04 12:23:24,58032,BANK OF AMERICA RHODE ISLAND N.A.,2005-12-31,12,0.1142,27.0301,0.0,9761506.0,1,WATCH,['ROA very low (<0.5)'],1,v1.0-rules-based,False,False,
2026-03-04 12:23:24,58032,BANK OF AMERICA RHODE ISLAND N.A.,2006-03-31,11,0.2408,22.5086,0.0,12202398.0,1,WATCH,['ROA very low (<0.5)'],1,v1.0-rules-based,False,False,
2026-03-04 12:23:24,58032,BANK OF AMERICA RHODE ISLAND N.A.,2006-06-30,10,0.2282,23.561,0.0,11862513.0,1,WATCH,['ROA very low (<0.5)'],1,v1.0-rules-based,False,False,
2026-03-04 12:23:24,58032,BANK OF AMERICA RHODE ISLAND N.A.,2006-09-30,9,0.2413,33.8147,0.0,7968562.0,1,WATCH,['ROA very low (<0.5)'],1,v1.0-rules-based,False,False,
2026-03-04 12:23:24,58032,BANK OF AMERICA RHODE ISLAND N.A.,2006-12-31,8,0.2829,30.9562,0.0,9048017.0,1,WATCH,['ROA very low (<0.5)'],1,v1.0-rules-based,False,False,
2026-03-04 12:23:24,58032,BANK OF AMERICA RHODE ISLAND N.A.,2007-03-31,7,0.2502,24.4386,0.0,14931609.0,1,WATCH,['ROA very low (<0.5)'],1,v1.0-rules-based,False,False,
2026-03-04 12:23:24,58032,BANK OF AMERICA RHODE ISLAND N.A.,2007-06-30,6,0.2231,22.5002,0.0,15365923.0,1,WATCH,['ROA very low (<0.5)'],1,v1.0-rules-based,False,False,
2026-03-04 12:23:24,58032,BANK OF AMERICA RHODE ISLAND N.A.,2007-09-30,5,0.187,20.4926,0.0,35303778.0,1,WATCH,['ROA very low (<0.5)'],1,v1.0-rules-based,False,False,
2026-03-04 12:23:24,58032,BANK OF AMERICA RHODE ISLAND N.A.,2007-12-31,4,0.2861,21.7157,0.0,35704767.0,1,WATCH,['ROA very low (<0.5)'],1,v1.0-rules-based,False,False,
2026-03-04 12:23:24,58032,BANK OF AMERICA RHODE ISLAND N.A.,2008-03-31,3,0.9391,22.11,0.0,35790853.0,0,WATCH,[],0,v1.0-rules-based,False,False,
2026-03-04 12:23:24,58032,BANK OF AMERICA RHODE ISLAND N.A.,2008-06-30,2,1.3414,19.6936,0.0,39211041.0,0,WATCH,[],0,v1.0-rules-based,False,False,
2026-03-04 12:23:24,58032,BANK OF AMERICA RHODE ISLAND N.A.,2008-09-30,1,1.4965,22.5864,0.0,36153675.0,0,WATCH,[],0,v1.0-rules-based,False,False,
2026-03-04 12:23:24,58032,BANK OF AMERICA RHODE ISLAND N.A.,2008-12-31,0,1.6528,25.0776,1.0,35410586.0,0,WATCH,[],0,v1.0-rules-based,False,False,
2026-03-04 12:23:24,58001,MAGNET BANK,2005-12-31,12,-5.1469,97.5106,0.0,71136.0,4,ELEVATED,"['ROA critically negative (<-1.0)', 'Net income negative']",2,v1.0-rules-based,False,False,
2026-03-04 12:23:24,58001,MAGNET BANK,2006-03-31,11,-3.9209,36.7462,0.0,137592.0,4,ELEVATED,"['ROA critically negative (<-1.0)', 'Net income negative']",2,v1.0-rules-based,False,False,
2026-03-04 12:23:24,58001,MAGNET BANK,2006-06-30,10,-1.4597,21.296,0.0,269720.0,4,ELEVATED,"['ROA critically negative (<-1.0)', 'Net income negative']",2,v1.0-rules-based,False,False,
2026-03-04 12:23:24,58001,MAGNET BANK,2006-09-30,9,-0.1832,14.5444,0.0,380376.0,3,ELEVATED,"['ROA negative', 'Net income negative']",2,v1.0-rules-based,False,False,
2026-03-04 12:23:24,58001,MAGNET BANK,2006-12-31,8,0.4285,12.4176,0.0,458699.0,1,WATCH,['ROA very low (<0.5)'],1,v1.0-rules-based,False,False,
2026-03-04 12:23:24,58001,MAGNET BANK,2007-03-31,7,0.8541,10.6745,0.0,567928.0,0,WATCH,[],0,v1.0-rules-based,False,False,
2026-03-04 12:23:24,58001,MAGNET BANK,2007-06-30,6,0.9587,11.5386,2.0,504147.0,0,WATCH,[],0,v1.0-rules-based,False,False,
2026-03-04 12:23:24,58001,MAGNET BANK,2007-09-30,5,0.0517,11.4454,3.0,472128.0,1,WATCH,['ROA very low (<0.5)'],1,v1.0-rules-based,False,False,
2026-03-04 12:23:24,58001,MAGNET BANK,2007-12-31,4,-1.4767,10.206,8.0,458361.0,4,ELEVATED,"['ROA critically negative (<-1.0)', 'Net income negative']",2,v1.0-rules-based,False,False,
2026-03-04 12:23:24,58001,MAGNET BANK,2008-03-31,3,-5.6442,9.4886,22.0,442953.0,5,HIGH,"['ROA critically negative (<-1.0)', 'Capital ratio below well-capitalised', 'Net income negative']",3,v1.0-rules-based,True,False,
2026-03-04 12:23:24,58001,MAGNET BANK,2008-06-30,2,-8.2058,8.2503,28.0,344782.0,5,HIGH,"['ROA critically negative (<-1.0)', 'Capital ratio below well-capitalised', 'Net income negative']",3,v1.0-rules-based,True,False,
2026-03-04 12:23:24,58001,MAGNET BANK,2008-09-30,1,-8.3616,6.7555,32.0,300674.0,6,HIGH,"['ROA critically negative (<-1.0)', 'Capital ratio low (<8%)', 'Net income negative']",3,v1.0-rules-based,True,False,
2026-03-04 12:23:24,57017,FIRSTBANK FINANCIAL SERVICES,2005-12-31,12,1.2581,14.3712,0.0,222465.0,0,WATCH,[],0,v1.0-rules-based,False,False,
2026-03-04 12:23:24,57017,FIRSTBANK FINANCIAL SERVICES,2006-03-31,11,1.127,14.321,0.0,249586.0,0,WATCH,[],0,v1.0-rules-based,False,False,
2026-03-04 12:23:24,57017,FIRSTBANK FINANCIAL SERVICES,2006-06-30,10,1.0583,13.6548,0.0,251379.0,0,WATCH,[],0,v1.0-rules-based,False,False,
2026-03-04 12:23:24,57017,FIRSTBANK FINANCIAL SERVICES,2006-09-30,9,1.079,13.3381,0.0,260177.0,0,WATCH,[],0,v1.0-rules-based,False,False,
2026-03-04 12:23:24,57017,FIRSTBANK FINANCIAL SERVICES,2006-12-31,8,1.0619,12.9533,0.0,276821.0,0,WATCH,[],0,v1.0-rules-based,False,False,
2026-03-04 12:23:24,57017,FIRSTBANK FINANCIAL SERVICES,2007-03-31,7,0.7973,12.179,0.0,305138.0,0,WATCH,[],0,v1.0-rules-based,False,False,
2026-03-04 12:23:24,57017,FIRSTBANK FINANCIAL SERVICES,2007-06-30,6,0.8635,12.0243,2.0,310950.0,0,WATCH,[],0,v1.0-rules-based,False,False,
2026-03-04 12:23:24,57017,FIRSTBANK FINANCIAL SERVICES,2007-09-30,5,0.6126,11.865,4.0,330208.0,0,WATCH,[],0,v1.0-rules-based,False,False,
2026-03-04 12:23:24,57017,FIRSTBANK FINANCIAL SERVICES,2007-12-31,4,-0.2841,11.6848,15.0,345161.0,3,ELEVATED,"['ROA negative', 'Net income negative']",2,v1.0-rules-based,False,False,
2026-03-04 12:23:24,57017,FIRSTBANK FINANCIAL SERVICES,2008-03-31,3,-0.4837,11.1326,13.0,432154.0,3,ELEVATED,"['ROA negative', 'Net income negative']",2,v1.0-rules-based,False,False,
2026-03-04 12:23:24,57017,FIRSTBANK FINANCIAL SERVICES,2008-06-30,2,-3.0767,9.686,15.0,394540.0,5,HIGH,"['ROA critically negative (<-1.0)', 'Capital ratio below well-capitalised', 'Net income negative']",3,v1.0-rules-based,True,False,
2026-03-04 12:23:24,57017,FIRSTBANK FINANCIAL SERVICES,2008-09-30,1,-3.7672,9.2163,24.0,354393.0,5,HIGH,"['ROA critically negative (<-1.0)', 'Capital ratio below well-capitalised', 'Net income negative']",3,v1.0-rules-based,True,False,
2026-03-04 12:23:24,57017,FIRSTBANK FINANCIAL SERVICES,2008-12-31,0,-6.8273,4.4609,34.0,317237.0,7,CRITICAL,"['ROA critically negative (<-1.0)', 'Capital ratio critical (<6%)', 'Net income negative']",3,v1.0-rules-based,True,False,
2026-03-04 12:23:24,34563,RIVERSIDE BANK OF THE GULF COAST,2006-03-31,12,1.4945,10.6456,0.0,555026.0,0,WATCH,[],0,v1.0-rules-based,False,False,
2026-03-04 12:23:24,34563,RIVERSIDE BANK OF THE GULF COAST,2006-06-30,11,1.5918,11.1694,0.0,578141.0,0,WATCH,[],0,v1.0-rules-based,False,False,
2026-03-04 12:23:24,34563,RIVERSIDE BANK OF THE GULF COAST,2006-09-30,10,1.5949,11.7276,0.0,575346.0,0,WATCH,[],0,v1.0-rules-based,False,False,
2026-03-04 12:23:24,34563,RIVERSIDE BANK OF THE GULF COAST,2006-12-31,9,1.5433,11.7679,1.0,577827.0,0,WATCH,[],0,v1.0-rules-based,False,False,
2026-03-04 12:23:24,34563,RIVERSIDE BANK OF THE GULF COAST,2007-03-31,8,0.8974,11.7254,1.0,596214.0,0,WATCH,[],0,v1.0-rules-based,False,False,
2026-03-04 12:23:24,34563,RIVERSIDE BANK OF THE GULF COAST,2007-06-30,7,0.9973,12.3569,1.0,604383.0,0,WATCH,[],0,v1.0-rules-based,False,False,
2026-03-04 12:23:24,34563,RIVERSIDE BANK OF THE GULF COAST,2007-09-30,6,0.0898,12.148,3.0,596456.0,1,WATCH,['ROA very low (<0.5)'],1,v1.0-rules-based,False,False,
2026-03-04 12:23:24,34563,RIVERSIDE BANK OF THE GULF COAST,2007-12-31,5,-0.0128,12.5078,4.0,554605.0,3,ELEVATED,"['ROA negative', 'Net income negative']",2,v1.0-rules-based,False,False,
2026-03-04 12:23:24,34563,RIVERSIDE BANK OF THE GULF COAST,2008-03-31,4,-5.5702,10.5543,6.0,535046.0,4,ELEVATED,"['ROA critically negative (<-1.0)', 'Net income negative']",2,v1.0-rules-based,False,False,
2026-03-04 12:23:24,34563,RIVERSIDE BANK OF THE GULF COAST,2008-06-30,3,-6.72,10.1152,7.0,620537.0,4,ELEVATED,"['ROA critically negative (<-1.0)', 'Net income negative']",2,v1.0-rules-based,False,False,
2026-03-04 12:23:24,34563,RIVERSIDE BANK OF THE GULF COAST,2008-09-30,1,-6.5867,8.3541,10.0,554444.0,5,HIGH,"['ROA critically negative (<-1.0)', 'Capital ratio below well-capitalised', 'Net income negative']",3,v1.0-rules-based,True,False,
2026-03-04 12:23:24,34563,RIVERSIDE BANK OF THE GULF COAST,2008-12-31,0,-8.8303,3.0354,11.0,523673.0,7,CRITICAL,"['ROA critically negative (<-1.0)', 'Capital ratio critical (<6%)', 'Net income negative']",3,v1.0-rules-based,True,False,
2026-03-04 12:23:24,57342,PINNACLE BANK,2006-03-31,12,0.8929,13.5019,2.0,80997.0,0,WATCH,[],0,v1.0-rules-based,False,False,
2026-03-04 12:23:24,57342,PINNACLE BANK,2006-06-30,11,0.9278,13.1137,2.0,88405.0,0,WATCH,[],0,v1.0-rules-based,False,False,
2026-03-04 12:23:24,57342,PINNACLE BANK,2006-09-30,10,0.036,11.8219,4.0,97797.0,1,WATCH,['ROA very low (<0.5)'],1,v1.0-rules-based,False,False,
2026-03-04 12:23:24,57342,PINNACLE BANK,2006-12-31,9,-0.4396,11.3436,4.0,90810.0,3,ELEVATED,"['ROA negative', 'Net income negative']",2,v1.0-rules-based,False,False,
2026-03-04 12:23:24,57342,PINNACLE BANK,2007-03-31,8,0.4065,12.1347,4.0,92216.0,1,WATCH,['ROA very low (<0.5)'],1,v1.0-rules-based,False,False,
2026-03-04 12:23:24,57342,PINNACLE BANK,2007-06-30,7,0.5242,12.9598,6.0,92848.0,0,WATCH,[],0,v1.0-rules-based,False,False,
2026-03-04 12:23:24,57342,PINNACLE BANK,2007-09-30,6,-1.3666,12.0024,10.0,76130.0,4,ELEVATED,"['ROA critically negative (<-1.0)', 'Net income negative']",2,v1.0-rules-based,False,False,
2026-03-04 12:23:24,57342,PINNACLE BANK,2007-12-31,5,-1.3628,11.7064,6.0,86808.0,4,ELEVATED,"['ROA critically negative (<-1.0)', 'Net income negative']",2,v1.0-rules-based,False,False,
2026-03-04 12:23:24,57342,PINNACLE BANK,2008-03-31,4,0.0224,11.4631,5.0,91861.0,1,WATCH,['ROA very low (<0.5)'],1,v1.0-rules-based,False,False,
2026-03-04 12:23:24,57342,PINNACLE BANK,2008-06-30,3,-1.4921,9.9392,5.0,81909.0,5,HIGH,"['ROA critically negative (<-1.0)', 'Capital ratio below well-capitalised', 'Net income negative']",3,v1.0-rules-based,True,False,
2026-03-04 12:23:24,57342,PINNACLE BANK,2008-09-30,1,-1.3941,10.0916,13.0,73782.0,4,ELEVATED,"['ROA critically negative (<-1.0)', 'Net income negative']",2,v1.0-rules-based,False,False,
2026-03-04 12:23:24,57342,PINNACLE BANK,2008-12-31,0,-3.6797,9.9584,13.0,71921.0,5,HIGH,"['ROA critically negative (<-1.0)', 'Capital ratio below well-capitalised', 'Net income negative']",3,v1.0-rules-based,True,False,
2026-03-04 12:23:24,35399,SILVER FALLS BANK,2006-03-31,12,1.6341,13.7967,0.0,82468.0,0,WATCH,[],0,v1.0-rules-based,False,False,
2026-03-04 12:23:24,35399,SILVER FALLS BANK,2006-06-30,11,1.7926,14.2874,0.0,84224.0,0,WATCH,[],0,v1.0-rules-based,False,False,
2026-03-04 12:23:24,35399,SILVER FALLS BANK,2006-09-30,10,1.8694,13.3731,0.0,90943.0,0,WATCH,[],0,v1.0-rules-based,False,False,
2026-03-04 12:23:24,35399,SILVER FALLS BANK,2006-12-31,9,1.8318,12.1767,0.0,99635.0,0,WATCH,[],0,v1.0-rules-based,False,False,
2026-03-04 12:23:24,35399,SILVER FALLS BANK,2007-03-31,8,1.8083,10.7038,0.0,109626.0,0,WATCH,[],0,v1.0-rules-based,False,False,
2026-03-04 12:23:24,35399,SILVER FALLS BANK,2007-06-30,7,1.7819,10.0111,0.0,125776.0,0,WATCH,[],0,v1.0-rules-based,False,False,
2026-03-04 12:23:24,35399,SILVER FALLS BANK,2007-09-30,6,1.7729,10.519,1.0,130921.0,0,WATCH,[],0,v1.0-rules-based,False,False,
2026-03-04 12:23:24,35399,SILVER FALLS BANK,2007-12-31,5,1.6665,10.2177,2.0,139220.0,0,WATCH,[],0,v1.0-rules-based,False,False,
2026-03-04 12:23:24,35399,SILVER FALLS BANK,2008-03-31,4,-1.0397,9.6571,4.0,143931.0,5,HIGH,"['ROA critically negative (<-1.0)', 'Capital ratio below well-capitalised', 'Net income negative']",3,v1.0-rules-based,True,False,
2026-03-04 12:23:24,35399,SILVER FALLS BANK,2008-06-30,3,-0.4282,9.2672,6.0,149789.0,4,ELEVATED,"['ROA negative', 'Capital ratio below well-capitalised', 'Net income negative']",3,v1.0-rules-based,False,False,
2026-03-04 12:23:24,35399,SILVER FALLS BANK,2008-09-30,2,-2.7653,8.1062,17.0,147002.0,5,HIGH,"['ROA critically negative (<-1.0)', 'Capital ratio below well-capitalised', 'Net income negative']",3,v1.0-rules-based,True,False,
2026-03-04 12:23:24,35399,SILVER FALLS BANK,2008-12-31,1,-6.4111,3.8729,27.0,134206.0,7,CRITICAL,"['ROA critically negative (<-1.0)', 'Capital ratio critical (<6%)', 'Net income negative']",3,v1.0-rules-based,True,False,
2026-03-04 12:23:24,34820,SECURITY SAVINGS BANK,2006-03-31,12,1.0009,15.0002,1.0,222377.0,0,WATCH,[],0,v1.0-rules-based,False,False,
2026-03-04 12:23:24,34820,SECURITY SAVINGS BANK,2006-06-30,11,1.1021,15.2204,1.0,228850.0,0,WATCH,[],0,v1.0-rules-based,False,False,
2026-03-04 12:23:24,34820,SECURITY SAVINGS BANK,2006-09-30,10,1.067,13.5895,0.0,252428.0,0,WATCH,[],0,v1.0-rules-based,False,False,
2026-03-04 12:23:24,34820,SECURITY SAVINGS BANK,2006-12-31,9,1.0435,12.3039,0.0,278764.0,0,WATCH,[],0,v1.0-rules-based,False,False,
2026-03-04 12:23:24,34820,SECURITY SAVINGS BANK,2007-03-31,8,1.2268,11.5377,0.0,301630.0,0,WATCH,[],0,v1.0-rules-based,False,False,
2026-03-04 12:23:24,34820,SECURITY SAVINGS BANK,2007-06-30,7,1.2031,11.3827,1.0,303847.0,0,WATCH,[],0,v1.0-rules-based,False,False,
2026-03-04 12:23:24,34820,SECURITY SAVINGS BANK,2007-09-30,6,0.9629,14.6452,4.0,303852.0,0,WATCH,[],0,v1.0-rules-based,False,False,
2026-03-04 12:23:24,34820,SECURITY SAVINGS BANK,2007-12-31,5,-0.6812,13.2363,5.0,273291.0,3,ELEVATED,"['ROA negative', 'Net income negative']",2,v1.0-rules-based,False,False,
2026-03-04 12:23:24,34820,SECURITY SAVINGS BANK,2008-03-31,4,-0.5709,14.3522,10.0,253564.0,3,ELEVATED,"['ROA negative', 'Net income negative']",2,v1.0-rules-based,False,False,
2026-03-04 12:23:24,34820,SECURITY SAVINGS BANK,2008-06-30,3,-3.9793,10.8611,18.0,254498.0,4,ELEVATED,"['ROA critically negative (<-1.0)', 'Net income negative']",2,v1.0-rules-based,False,False,
2026-03-04 12:23:24,34820,SECURITY SAVINGS BANK,2008-09-30,2,-9.2409,11.7059,12.0,240686.0,4,ELEVATED,"['ROA critically negative (<-1.0)', 'Net income negative']",2,v1.0-rules-based,False,False,
2026-03-04 12:23:24,34820,SECURITY SAVINGS BANK,2008-12-31,1,-11.3068,4.8387,10.0,238307.0,7,CRITICAL,"['ROA critically negative (<-1.0)', 'Capital ratio critical (<6%)', 'Net income negative']",3,v1.0-rules-based,True,False,
2026-03-04 12:23:24,57558,FREEDOM BANK OF GEORGIA,2006-03-31,12,0.4508,16.5542,0.0,94937.0,1,WATCH,['ROA very low (<0.5)'],1,v1.0-rules-based,False,False,
2026-03-04 12:23:24,57558,FREEDOM BANK OF GEORGIA,2006-06-30,11,0.4978,14.0118,0.0,108179.0,1,WATCH,['ROA very low (<0.5)'],1,v1.0-rules-based,False,False,
2026-03-04 12:23:24,57558,FREEDOM BANK OF GEORGIA,2006-09-30,10,0.5858,12.7175,0.0,121354.0,0,WATCH,[],0,v1.0-rules-based,False,False,
2026-03-04 12:23:24,57558,FREEDOM BANK OF GEORGIA,2006-12-31,9,0.5987,11.7174,1.0,132536.0,0,WATCH,[],0,v1.0-rules-based,False,False,
2026-03-04 12:23:24,57558,FREEDOM BANK OF GEORGIA,2007-03-31,8,0.5228,11.1864,1.0,144451.0,0,WATCH,[],0,v1.0-rules-based,False,False,
2026-03-04 12:23:24,57558,FREEDOM BANK OF GEORGIA,2007-06-30,7,0.4381,10.8955,1.0,146244.0,1,WATCH,['ROA very low (<0.5)'],1,v1.0-rules-based,False,False,
2026-03-04 12:23:24,57558,FREEDOM BANK OF GEORGIA,2007-09-30,6,0.438,10.5417,1.0,152644.0,1,WATCH,['ROA very low (<0.5)'],1,v1.0-rules-based,False,False,
2026-03-04 12:23:24,57558,FREEDOM BANK OF GEORGIA,2007-12-31,5,0.2109,10.8794,5.0,147114.0,1,WATCH,['ROA very low (<0.5)'],1,v1.0-rules-based,False,False,
2026-03-04 12:23:24,57558,FREEDOM BANK OF GEORGIA,2008-03-31,4,-2.6271,10.5325,8.0,151921.0,4,ELEVATED,"['ROA critically negative (<-1.0)', 'Net income negative']",2,v1.0-rules-based,False,False,
2026-03-04 12:23:24,57558,FREEDOM BANK OF GEORGIA,2008-06-30,3,-2.8476,9.2754,11.0,151036.0,5,HIGH,"['ROA critically negative (<-1.0)', 'Capital ratio below well-capitalised', 'Net income negative']",3,v1.0-rules-based,True,False,
2026-03-04 12:23:24,57558,FREEDOM BANK OF GEORGIA,2008-09-30,2,-4.3384,7.5732,14.0,147246.0,6,HIGH,"['ROA critically negative (<-1.0)', 'Capital ratio low (<8%)', 'Net income negative']",3,v1.0-rules-based,True,False,
2026-03-04 12:23:24,57558,FREEDOM BANK OF GEORGIA,2008-12-31,1,-5.8134,4.7155,12.0,172454.0,7,CRITICAL,"['ROA critically negative (<-1.0)', 'Capital ratio critical (<6%)', 'Net income negative']",3,v1.0-rules-based,True,False,
2026-03-04 12:23:24,34639,CAPE FEAR BANK,2006-03-31,12,0.7455,12.7865,0.0,381649.0,0,WATCH,[],0,v1.0-rules-based,False,False,
2026-03-04 12:23:24,34639,CAPE FEAR BANK,2006-06-30,11,0.7405,11.8358,0.0,396970.0,0,WATCH,[],0,v1.0-rules-based,False,False,
2026-03-04 12:23:24,34639,CAPE FEAR BANK,2006-09-30,10,0.7136,11.4401,0.0,422721.0,0,WATCH,[],0,v1.0-rules-based,False,False,
2026-03-04 12:23:24,34639,CAPE FEAR BANK,2006-12-31,9,0.7145,11.4995,0.0,424402.0,0,WATCH,[],0,v1.0-rules-based,False,False,
2026-03-04 12:23:24,34639,CAPE FEAR BANK,2007-03-31,8,0.5245,11.1755,0.0,448055.0,0,WATCH,[],0,v1.0-rules-based,False,False,
2026-03-04 12:23:24,34639,CAPE FEAR BANK,2007-06-30,7,0.5696,11.5918,0.0,440983.0,0,WATCH,[],0,v1.0-rules-based,False,False,
2026-03-04 12:23:24,34639,CAPE FEAR BANK,2007-09-30,6,0.5274,11.2657,0.0,453140.0,0,WATCH,[],0,v1.0-rules-based,False,False,
2026-03-04 12:23:24,34639,CAPE FEAR BANK,2007-12-31,5,0.4362,11.097,2.0,463944.0,1,WATCH,['ROA very low (<0.5)'],1,v1.0-rules-based,False,False,
2026-03-04 12:23:24,34639,CAPE FEAR BANK,2008-03-31,4,-0.2596,10.7815,2.0,469950.0,3,ELEVATED,"['ROA negative', 'Net income negative']",2,v1.0-rules-based,False,False,
2026-03-04 12:23:24,34639,CAPE FEAR BANK,2008-06-30,3,-0.2682,10.3037,2.0,495620.0,3,ELEVATED,"['ROA negative', 'Net income negative']",2,v1.0-rules-based,False,False,
2026-03-04 12:23:24,34639,CAPE FEAR BANK,2008-09-30,2,-1.2503,9.2097,2.0,490452.0,5,HIGH,"['ROA critically negative (<-1.0)', 'Capital ratio below well-capitalised', 'Net income negative']",3,v1.0-rules-based,True,False,
2026-03-04 12:23:24,34639,CAPE FEAR BANK,2008-12-31,1,-1.0812,8.1129,4.0,473112.0,5,HIGH,"['ROA critically negative (<-1.0)', 'Capital ratio below well-capitalised', 'Net income negative']",3,v1.0-rules-based,True,False,
2026-03-04 12:23:24,34639,CAPE FEAR BANK,2009-03-31,0,-1.5337,7.5251,8.0,492418.0,6,HIGH,"['ROA critically negative (<-1.0)', 'Capital ratio low (<8%)', 'Net income negative']",3,v1.0-rules-based,True,False,
2026-03-04 12:23:24,34881,NEW FRONTIER BANK,2006-03-31,12,1.5514,10.7134,1.0,872303.0,0,WATCH,[],0,v1.0-rules-based,False,False,
2026-03-04 12:23:24,34881,NEW FRONTIER BANK,2006-06-30,11,1.54,11.0682,1.0,960618.0,0,WATCH,[],0,v1.0-rules-based,False,False,
2026-03-04 12:23:24,34881,NEW FRONTIER BANK,2006-09-30,10,1.4899,12.5757,1.0,1198946.0,0,WATCH,[],0,v1.0-rules-based,False,False,
2026-03-04 12:23:24,34881,NEW FRONTIER BANK,2006-12-31,9,1.4127,11.7121,1.0,1322021.0,0,WATCH,[],0,v1.0-rules-based,False,False,
2026-03-04 12:23:24,34881,NEW FRONTIER BANK,2007-03-31,8,1.3115,12.0798,1.0,1451669.0,0,WATCH,[],0,v1.0-rules-based,False,False,
2026-03-04 12:23:24,34881,NEW FRONTIER BANK,2007-06-30,7,1.2443,11.2397,1.0,1662717.0,0,WATCH,[],0,v1.0-rules-based,False,False,
2026-03-04 12:23:24,34881,NEW FRONTIER BANK,2007-09-30,6,1.1228,11.0172,2.0,1758286.0,0,WATCH,[],0,v1.0-rules-based,False,False,
2026-03-04 12:23:24,34881,NEW FRONTIER BANK,2007-12-31,5,0.7249,10.4318,3.0,1973669.0,0,WATCH,[],0,v1.0-rules-based,False,False,
2026-03-04 12:23:24,34881,NEW FRONTIER BANK,2008-03-31,4,0.3291,10.4651,4.0,2022506.0,1,WATCH,['ROA very low (<0.5)'],1,v1.0-rules-based,False,False,
2026-03-04 12:23:24,34881,NEW FRONTIER BANK,2008-06-30,3,0.0239,10.6022,5.0,2033392.0,1,WATCH,['ROA very low (<0.5)'],1,v1.0-rules-based,False,False,
2026-03-04 12:23:24,34881,NEW FRONTIER BANK,2008-09-30,2,-0.0804,10.78,6.0,2024375.0,3,ELEVATED,"['ROA negative', 'Net income negative']",2,v1.0-rules-based,False,False,
2026-03-04 12:23:24,34881,NEW FRONTIER BANK,2008-12-31,1,-0.5634,10.3877,8.0,2009347.0,3,ELEVATED,"['ROA negative', 'Net income negative']",2,v1.0-rules-based,False,False,
2026-03-04 12:23:24,34881,NEW FRONTIER BANK,2009-03-31,0,-20.7276,5.1231,16.0,1774588.0,7,CRITICAL,"['ROA critically negative (<-1.0)', 'Capital ratio critical (<6%)', 'Net income negative']",3,v1.0-rules-based,True,False,
2026-03-04 12:23:24,34369,MICHIGAN HERITAGE BANK,2006-03-31,12,0.6074,11.8636,2.0,172069.0,0,WATCH,[],0,v1.0-rules-based,False,False,
2026-03-04 12:23:24,34369,MICHIGAN HERITAGE BANK,2006-06-30,11,0.6089,12.2028,1.0,171269.0,0,WATCH,[],0,v1.0-rules-based,False,False,
2026-03-04 12:23:24,34369,MICHIGAN HERITAGE BANK,2006-09-30,10,0.582,12.0883,1.0,176144.0,0,WATCH,[],0,v1.0-rules-based,False,False,
2026-03-04 12:23:24,34369,MICHIGAN HERITAGE BANK,2006-12-31,9,0.2123,11.5649,2.0,179835.0,1,WATCH,['ROA very low (<0.5)'],1,v1.0-rules-based,False,False,
2026-03-04 12:23:24,34369,MICHIGAN HERITAGE BANK,2007-03-31,8,0.3841,11.79,2.0,180452.0,1,WATCH,['ROA very low (<0.5)'],1,v1.0-rules-based,False,False,
2026-03-04 12:23:24,34369,MICHIGAN HERITAGE BANK,2007-06-30,7,0.256,11.8649,2.0,181026.0,1,WATCH,['ROA very low (<0.5)'],1,v1.0-rules-based,False,False,
2026-03-04 12:23:24,34369,MICHIGAN HERITAGE BANK,2007-09-30,6,0.2322,11.6919,4.0,184457.0,1,WATCH,['ROA very low (<0.5)'],1,v1.0-rules-based,False,False,
2026-03-04 12:23:24,34369,MICHIGAN HERITAGE BANK,2007-12-31,5,-0.8948,10.2202,8.0,186697.0,3,ELEVATED,"['ROA negative', 'Net income negative']",2,v1.0-rules-based,False,False,
2026-03-04 12:23:24,34369,MICHIGAN HERITAGE BANK,2008-03-31,4,-0.3412,10.274,7.0,188406.0,3,ELEVATED,"['ROA negative', 'Net income negative']",2,v1.0-rules-based,False,False,
2026-03-04 12:23:24,34369,MICHIGAN HERITAGE BANK,2008-06-30,3,-4.5301,7.2419,8.0,178792.0,6,HIGH,"['ROA critically negative (<-1.0)', 'Capital ratio low (<8%)', 'Net income negative']",3,v1.0-rules-based,True,False,
2026-03-04 12:23:24,34369,MICHIGAN HERITAGE BANK,2008-09-30,2,-3.3681,7.1409,9.0,181611.0,6,HIGH,"['ROA critically negative (<-1.0)', 'Capital ratio low (<8%)', 'Net income negative']",3,v1.0-rules-based,True,False,
2026-03-04 12:23:24,34369,MICHIGAN HERITAGE BANK,2008-12-31,1,-4.6735,3.1793,7.0,179653.0,7,CRITICAL,"['ROA critically negative (<-1.0)', 'Capital ratio critical (<6%)', 'Net income negative']",3,v1.0-rules-based,True,False,
2026-03-04 12:23:24,34369,MICHIGAN HERITAGE BANK,2009-03-31,0,-0.737,2.969,11.0,167710.0,6,HIGH,"['ROA negative', 'Capital ratio critical (<6%)', 'Net income negative']",3,v1.0-rules-based,True,False,
2026-03-04 12:23:24,34396,"FIRST BANK OF IDAHO, FSB",2006-03-31,12,1.4003,11.6067,0.0,352030.0,0,WATCH,[],0,v1.0-rules-based,False,False,
2026-03-04 12:23:24,34396,"FIRST BANK OF IDAHO, FSB",2006-06-30,11,1.488,11.5163,0.0,351172.0,0,WATCH,[],0,v1.0-rules-based,False,False,
2026-03-04 12:23:24,34396,"FIRST BANK OF IDAHO, FSB",2006-09-30,10,1.4729,10.918,0.0,373513.0,0,WATCH,[],0,v1.0-rules-based,False,False,
2026-03-04 12:23:24,34396,"FIRST BANK OF IDAHO, FSB",2006-12-31,9,1.4405,11.0032,0.0,409883.0,0,WATCH,[],0,v1.0-rules-based,False,False,
2026-03-04 12:23:24,34396,"FIRST BANK OF IDAHO, FSB",2007-03-31,8,1.327,11.1304,0.0,413034.0,0,WATCH,[],0,v1.0-rules-based,False,False,
2026-03-04 12:23:24,34396,"FIRST BANK OF IDAHO, FSB",2007-06-30,7,1.3412,10.8522,0.0,422503.0,0,WATCH,[],0,v1.0-rules-based,False,False,
2026-03-04 12:23:24,34396,"FIRST BANK OF IDAHO, FSB",2007-09-30,6,1.2907,10.4532,0.0,459490.0,0,WATCH,[],0,v1.0-rules-based,False,False,
2026-03-04 12:23:24,34396,"FIRST BANK OF IDAHO, FSB",2007-12-31,5,1.2291,10.8412,1.0,440957.0,0,WATCH,[],0,v1.0-rules-based,False,False,
2026-03-04 12:23:24,34396,"FIRST BANK OF IDAHO, FSB",2008-03-31,4,0.7182,10.5349,1.0,467958.0,0,WATCH,[],0,v1.0-rules-based,False,False,
2026-03-04 12:23:24,34396,"FIRST BANK OF IDAHO, FSB",2008-06-30,3,0.6077,10.6607,2.0,477233.0,0,WATCH,[],0,v1.0-rules-based,False,False,
2026-03-04 12:23:24,34396,"FIRST BANK OF IDAHO, FSB",2008-09-30,2,0.4049,10.6937,4.0,481462.0,1,WATCH,['ROA very low (<0.5)'],1,v1.0-rules-based,False,False,
2026-03-04 12:23:24,34396,"FIRST BANK OF IDAHO, FSB",2008-12-31,1,-0.8918,9.5511,5.0,488868.0,4,ELEVATED,"['ROA negative', 'Capital ratio below well-capitalised', 'Net income negative']",3,v1.0-rules-based,False,False,
2026-03-04 12:23:24,34396,"FIRST BANK OF IDAHO, FSB",2009-03-31,0,0.2687,9.6697,5.0,490656.0,2,WATCH,"['ROA very low (<0.5)', 'Capital ratio below well-capitalised']",2,v1.0-rules-based,False,False,
2026-03-04 12:23:24,57943,AMERICAN SOUTHERN BANK,2006-03-31,12,-1.7028,61.861,0.0,22897.0,4,ELEVATED,"['ROA critically negative (<-1.0)', 'Net income negative']",2,v1.0-rules-based,False,False,
2026-03-04 12:23:24,57943,AMERICAN SOUTHERN BANK,2006-06-30,11,-0.4347,56.0389,0.0,27076.0,3,ELEVATED,"['ROA negative', 'Net income negative']",2,v1.0-rules-based,False,False,
2026-03-04 12:23:24,57943,AMERICAN SOUTHERN BANK,2006-09-30,10,-0.4732,36.9583,0.0,35916.0,3,ELEVATED,"['ROA negative', 'Net income negative']",2,v1.0-rules-based,False,False,
2026-03-04 12:23:24,57943,AMERICAN SOUTHERN BANK,2006-12-31,9,-0.3094,35.043,0.0,46337.0,3,ELEVATED,"['ROA negative', 'Net income negative']",2,v1.0-rules-based,False,False,
2026-03-04 12:23:24,57943,AMERICAN SOUTHERN BANK,2007-03-31,8,1.4804,26.6658,0.0,50932.0,0,WATCH,[],0,v1.0-rules-based,False,False,
2026-03-04 12:23:24,57943,AMERICAN SOUTHERN BANK,2007-06-30,7,0.6353,22.6084,3.0,62342.0,0,WATCH,[],0,v1.0-rules-based,False,False,
2026-03-04 12:23:24,57943,AMERICAN SOUTHERN BANK,2007-09-30,6,0.1593,20.6088,9.0,64704.0,1,WATCH,['ROA very low (<0.5)'],1,v1.0-rules-based,False,False,
2026-03-04 12:23:24,57943,AMERICAN SOUTHERN BANK,2007-12-31,5,-2.8795,17.9511,14.0,67575.0,4,ELEVATED,"['ROA critically negative (<-1.0)', 'Net income negative']",2,v1.0-rules-based,False,False,
2026-03-04 12:23:24,57943,AMERICAN SOUTHERN BANK,2008-03-31,4,-1.0982,16.5004,14.0,68654.0,4,ELEVATED,"['ROA critically negative (<-1.0)', 'Net income negative']",2,v1.0-rules-based,False,False,
2026-03-04 12:23:24,57943,AMERICAN SOUTHERN BANK,2008-06-30,3,-3.0958,14.4216,15.0,78317.0,4,ELEVATED,"['ROA critically negative (<-1.0)', 'Net income negative']",2,v1.0-rules-based,False,False,
2026-03-04 12:23:24,57943,AMERICAN SOUTHERN BANK,2008-09-30,2,-3.3712,11.2477,13.0,100427.0,4,ELEVATED,"['ROA critically negative (<-1.0)', 'Net income negative']",2,v1.0-rules-based,False,False,
2026-03-04 12:23:24,57943,AMERICAN SOUTHERN BANK,2008-12-31,1,-4.1302,9.3307,13.0,110070.0,5,HIGH,"['ROA critically negative (<-1.0)', 'Capital ratio below well-capitalised', 'Net income negative']",3,v1.0-rules-based,True,False,
2026-03-04 12:23:24,57943,AMERICAN SOUTHERN BANK,2009-03-31,0,-3.1071,-0.4675,16.0,105950.0,4,ELEVATED,"['ROA critically negative (<-1.0)', 'Net income negative']",2,v1.0-rules-based,False,False,
